Episode,Timestamp,Agent_Count,Type
0,0.0,4,Simultaneous
0,29.88,2,Simultaneous
0,51.9,2,Simultaneous
0,53.42,3,Simultaneous
0,53.35,2,Conflict
1,0.0,4,Simultaneous
1,48.56,2,Simultaneous
1,49.22,2,Simultaneous
1,71.55,2,Simultaneous
1,80.77,2,Simultaneous
1,81.82,2,Simultaneous
1,45.79,2,Conflict
2,0.0,4,Simultaneous
2,1.79,3,Simultaneous
2,43.64,2,Simultaneous
2,58.83,2,Simultaneous
2,99.26,4,Conflict
3,0.0,4,Simultaneous
3,6.67,4,Simultaneous
3,46.44,3,Simultaneous
3,93.7,2,Simultaneous
3,15.86,4,Conflict
3,56.75,2,Conflict
3,60.95,2,Conflict
3,78.8,2,Conflict
4,0.0,4,Simultaneous
4,5.84,2,Simultaneous
4,39.04,2,Simultaneous
4,44.2,2,Simultaneous
4,69.36,2,Simultaneous
4,96.37,2,Simultaneous
4,37.78,3,Conflict
4,41.91,4,Conflict
5,0.0,4,Simultaneous
5,2.03,3,Simultaneous
5,18.55,2,Simultaneous
5,59.52,3,Simultaneous
5,4.67,2,Conflict
5,13.75,3,Conflict
5,17.15,4,Conflict
5,30.06,2,Conflict
5,34.28,2,Conflict
5,39.41,2,Conflict
5,99.16,2,Conflict
6,0.0,4,Simultaneous
6,10.63,2,Simultaneous
6,29.7,2,Simultaneous
6,60.31,2,Simultaneous
6,65.34,2,Conflict
6,76.48,3,Conflict
7,0.0,4,Simultaneous
7,50.03,3,Simultaneous
7,55.46,2,Simultaneous
7,58.0,2,Simultaneous
8,0.0,4,Simultaneous
8,6.03,3,Simultaneous
8,25.11,2,Simultaneous
8,96.53,2,Simultaneous
8,43.84,3,Conflict
8,74.78,2,Conflict
9,0.0,4,Simultaneous
9,16.5,3,Simultaneous
9,63.96,2,Simultaneous
9,65.29,3,Simultaneous
9,25.07,4,Conflict
9,82.31,3,Conflict
10,0.0,4,Simultaneous
10,7.3,2,Simultaneous
10,57.97,2,Simultaneous
10,83.3,3,Simultaneous
10,36.24,2,Conflict
10,44.81,3,Conflict
11,0.0,4,Simultaneous
11,26.3,3,Simultaneous
11,41.64,3,Simultaneous
11,63.78,2,Simultaneous
11,55.12,3,Conflict
12,0.0,4,Simultaneous
12,6.49,3,Simultaneous
12,54.5,2,Simultaneous
12,56.73,3,Simultaneous
12,5.86,4,Conflict
12,17.4,3,Conflict
12,17.51,3,Conflict
12,34.49,2,Conflict
12,58.53,2,Conflict
13,0.0,4,Simultaneous
13,38.4,3,Simultaneous
13,49.8,3,Simultaneous
13,79.36,2,Simultaneous
13,25.04,3,Conflict
13,27.56,2,Conflict
13,41.48,3,Conflict
13,47.87,3,Conflict
13,62.26,2,Conflict
13,71.46,2,Conflict
13,73.57,2,Conflict
13,80.66,3,Conflict
14,0.0,4,Simultaneous
14,43.25,2,Simultaneous
14,62.48,3,Simultaneous
14,67.53,2,Simultaneous
14,88.72,2,Conflict
15,0.0,4,Simultaneous
15,4.51,2,Simultaneous
15,18.47,3,Simultaneous
15,80.76,2,Simultaneous
15,17.65,3,Conflict
15,68.49,3,Conflict
16,0.0,4,Simultaneous
16,23.08,3,Simultaneous
16,48.56,2,Simultaneous
16,49.63,2,Simultaneous
16,1.92,3,Conflict
16,30.01,2,Conflict
16,93.48,3,Conflict
16,94.01,3,Conflict
17,0.0,4,Simultaneous
17,40.66,2,Simultaneous
17,85.29,2,Simultaneous
17,86.35,2,Simultaneous
17,66.42,2,Conflict
17,84.78,2,Conflict
18,0.0,4,Simultaneous
18,16.5,2,Simultaneous
18,37.87,2,Simultaneous
18,43.74,2,Simultaneous
18,25.04,2,Conflict
18,60.44,2,Conflict
18,66.48,4,Conflict
18,68.63,2,Conflict
18,76.6,2,Conflict
19,0.0,4,Simultaneous
19,1.52,3,Simultaneous
19,46.54,3,Simultaneous
19,54.32,3,Simultaneous
19,82.52,2,Conflict
19,93.41,2,Conflict
20,0.0,4,Simultaneous
20,19.07,2,Simultaneous
20,62.61,3,Simultaneous
20,98.67,3,Simultaneous
20,30.11,2,Conflict
20,34.39,2,Conflict
20,85.95,2,Conflict
20,89.31,2,Conflict
21,0.0,4,Simultaneous
21,7.71,3,Simultaneous
21,14.35,2,Simultaneous
21,59.63,3,Simultaneous
21,78.55,3,Simultaneous
21,89.08,2,Simultaneous
21,91.71,3,Conflict
22,0.0,4,Simultaneous
22,18.83,2,Simultaneous
22,21.3,3,Simultaneous
22,33.21,3,Simultaneous
22,78.46,2,Simultaneous
22,88.93,2,Simultaneous
22,25.06,2,Conflict
22,41.84,2,Conflict
22,42.06,2,Conflict
22,69.39,3,Conflict
23,0.0,4,Simultaneous
23,65.59,3,Simultaneous
23,77.24,3,Simultaneous
23,81.06,2,Simultaneous
24,0.0,4,Simultaneous
24,62.13,2,Simultaneous
24,80.14,3,Simultaneous
24,93.31,2,Simultaneous
24,25.42,2,Conflict
24,28.04,3,Conflict
24,39.9,2,Conflict
24,47.77,3,Conflict
24,51.19,2,Conflict
24,70.66,3,Conflict
25,0.0,4,Simultaneous
25,49.02,2,Simultaneous
25,71.35,2,Simultaneous
25,91.13,2,Simultaneous
25,22.4,2,Conflict
25,41.66,4,Conflict
25,75.47,2,Conflict
26,0.0,4,Simultaneous
26,61.71,3,Simultaneous
26,69.38,3,Simultaneous
26,82.34,4,Simultaneous
26,13.13,3,Conflict
26,37.15,3,Conflict
26,40.59,3,Conflict
26,42.17,2,Conflict
26,57.24,2,Conflict
26,98.95,2,Conflict
27,0.0,4,Simultaneous
27,27.22,2,Simultaneous
27,29.99,2,Simultaneous
27,95.12,2,Simultaneous
27,34.91,2,Conflict
27,40.75,2,Conflict
28,0.0,4,Simultaneous
28,2.15,2,Simultaneous
28,13.27,3,Simultaneous
28,59.93,2,Simultaneous
28,83.18,2,Simultaneous
28,97.15,2,Simultaneous
28,15.86,2,Conflict
28,34.21,2,Conflict
28,54.73,3,Conflict
29,0.0,4,Simultaneous
29,15.35,2,Simultaneous
29,25.04,2,Simultaneous
29,33.53,2,Simultaneous
29,46.34,3,Simultaneous
29,78.47,2,Simultaneous
29,26.92,2,Conflict
30,0.0,4,Simultaneous
30,5.54,3,Simultaneous
30,21.28,2,Simultaneous
30,47.91,4,Simultaneous
30,50.58,3,Simultaneous
30,99.19,2,Simultaneous
30,46.31,3,Conflict
30,49.41,2,Conflict
30,57.94,4,Conflict
30,69.02,2,Conflict
30,73.92,3,Conflict
31,0.0,4,Simultaneous
31,35.12,2,Simultaneous
31,81.03,3,Simultaneous
31,85.94,2,Simultaneous
31,93.48,2,Simultaneous
31,93.49,2,Simultaneous
31,71.61,3,Conflict
31,83.87,3,Conflict
32,0.0,4,Simultaneous
32,59.23,2,Simultaneous
32,62.59,3,Simultaneous
32,91.37,2,Simultaneous
32,2.74,2,Conflict
32,35.8,2,Conflict
33,0.0,4,Simultaneous
33,42.29,3,Simultaneous
33,61.29,2,Simultaneous
33,88.16,2,Simultaneous
33,35.56,2,Conflict
33,72.41,2,Conflict
34,0.0,4,Simultaneous
34,62.85,4,Simultaneous
34,78.35,2,Simultaneous
34,87.78,3,Simultaneous
34,3.8,2,Conflict
34,24.42,2,Conflict
35,0.0,4,Simultaneous
35,36.33,3,Simultaneous
35,61.73,2,Simultaneous
35,82.69,2,Simultaneous
35,1.92,2,Conflict
36,0.0,4,Simultaneous
36,46.16,3,Simultaneous
36,66.66,2,Simultaneous
36,70.96,3,Simultaneous
36,2.86,2,Conflict
36,7.78,2,Conflict
36,17.94,2,Conflict
36,30.77,2,Conflict
36,72.84,2,Conflict
36,88.8,2,Conflict
36,96.11,2,Conflict
37,0.0,4,Simultaneous
37,15.47,2,Simultaneous
37,37.78,3,Simultaneous
37,95.03,2,Simultaneous
37,14.38,3,Conflict
37,43.49,2,Conflict
37,48.64,4,Conflict
37,86.42,2,Conflict
38,0.0,4,Simultaneous
38,48.67,4,Simultaneous
38,94.6,4,Simultaneous
38,96.11,2,Simultaneous
38,8.8,2,Conflict
38,46.42,2,Conflict
38,72.01,2,Conflict
38,93.21,2,Conflict
39,0.0,4,Simultaneous
39,8.73,3,Simultaneous
39,42.51,3,Simultaneous
39,54.34,3,Simultaneous
39,77.01,2,Simultaneous
39,90.87,2,Simultaneous
39,7.78,2,Conflict
39,37.8,2,Conflict
39,54.79,2,Conflict
39,67.27,2,Conflict
40,0.0,4,Simultaneous
40,30.49,2,Simultaneous
40,49.52,3,Simultaneous
40,92.03,2,Simultaneous
40,36.24,2,Conflict
40,50.8,2,Conflict
41,0.0,4,Simultaneous
41,12.5,2,Simultaneous
41,42.43,3,Simultaneous
41,87.73,4,Simultaneous
41,4.37,4,Conflict
41,14.55,3,Conflict
41,55.74,3,Conflict
41,57.97,2,Conflict
41,71.05,3,Conflict
41,78.35,3,Conflict
42,0.0,4,Simultaneous
42,4.88,3,Simultaneous
42,79.87,2,Simultaneous
42,81.15,3,Simultaneous
42,22.83,2,Conflict
43,0.0,4,Simultaneous
43,22.22,3,Simultaneous
43,40.2,3,Simultaneous
43,98.67,3,Simultaneous
44,0.0,4,Simultaneous
44,69.25,3,Simultaneous
44,87.73,2,Simultaneous
44,98.7,2,Simultaneous
44,33.36,2,Conflict
44,60.31,3,Conflict
45,0.0,4,Simultaneous
45,32.23,3,Simultaneous
45,39.9,2,Simultaneous
45,45.12,2,Simultaneous
45,28.1,3,Conflict
46,0.0,4,Simultaneous
46,21.91,2,Simultaneous
46,48.0,2,Simultaneous
46,68.38,2,Simultaneous
47,0.0,4,Simultaneous
47,4.82,2,Simultaneous
47,12.69,3,Simultaneous
47,33.77,2,Simultaneous
47,48.58,3,Simultaneous
47,71.46,2,Simultaneous
48,0.0,4,Simultaneous
48,37.15,4,Simultaneous
48,62.94,2,Simultaneous
48,70.4,2,Simultaneous
49,0.0,4,Simultaneous
49,1.14,3,Simultaneous
49,48.98,4,Simultaneous
49,60.35,2,Simultaneous
49,83.24,4,Simultaneous
49,90.96,2,Simultaneous
50,0.0,4,Simultaneous
50,34.02,2,Simultaneous
50,83.98,2,Simultaneous
50,96.42,4,Simultaneous
50,5.4,2,Conflict
51,0.0,4,Simultaneous
51,60.13,2,Simultaneous
51,87.81,2,Simultaneous
51,89.91,2,Simultaneous
52,0.0,4,Simultaneous
52,21.69,4,Simultaneous
52,30.08,3,Simultaneous
52,96.59,2,Simultaneous
53,0.0,4,Simultaneous
53,17.77,3,Simultaneous
53,28.1,2,Simultaneous
53,78.67,2,Simultaneous
53,47.13,2,Conflict
54,0.0,4,Simultaneous
54,7.34,2,Simultaneous
54,10.86,2,Simultaneous
54,53.63,3,Simultaneous
54,7.56,2,Conflict
54,17.17,2,Conflict
54,37.52,4,Conflict
54,58.5,3,Conflict
54,98.96,3,Conflict
55,0.0,4,Simultaneous
55,17.85,2,Simultaneous
55,54.68,3,Simultaneous
55,64.57,2,Simultaneous
55,31.48,3,Conflict
55,72.48,4,Conflict
55,79.73,4,Conflict
55,80.4,4,Conflict
55,80.64,2,Conflict
56,0.0,4,Simultaneous
56,66.89,2,Simultaneous
56,77.23,4,Simultaneous
56,79.94,2,Simultaneous
56,80.27,3,Conflict
57,0.0,4,Simultaneous
57,71.36,3,Simultaneous
57,74.02,2,Simultaneous
57,77.66,2,Simultaneous
57,27.73,3,Conflict
57,35.38,2,Conflict
57,63.41,2,Conflict
57,84.92,4,Conflict
58,0.0,4,Simultaneous
58,28.87,2,Simultaneous
58,43.65,2,Simultaneous
58,90.24,2,Simultaneous
58,41.07,2,Conflict
58,47.26,2,Conflict
58,48.56,3,Conflict
58,84.49,3,Conflict
59,0.0,4,Simultaneous
59,29.67,2,Simultaneous
59,41.01,3,Simultaneous
59,99.16,2,Simultaneous
59,12.35,2,Conflict
59,69.85,2,Conflict
59,93.29,2,Conflict
60,0.0,4,Simultaneous
60,35.93,2,Simultaneous
60,63.55,3,Simultaneous
60,94.6,4,Simultaneous
60,57.41,2,Conflict
60,62.81,2,Conflict
60,79.98,2,Conflict
61,0.0,4,Simultaneous
61,43.0,2,Simultaneous
61,53.46,2,Simultaneous
61,73.93,3,Simultaneous
61,23.25,2,Conflict
62,0.0,4,Simultaneous
62,9.6,2,Simultaneous
62,51.36,2,Simultaneous
62,89.71,2,Simultaneous
63,0.0,4,Simultaneous
63,43.67,2,Simultaneous
63,60.97,3,Simultaneous
63,79.43,2,Simultaneous
63,16.15,2,Conflict
63,16.95,3,Conflict
63,22.66,2,Conflict
63,78.95,3,Conflict
64,0.0,4,Simultaneous
64,19.42,4,Simultaneous
64,34.74,2,Simultaneous
64,71.55,2,Simultaneous
64,0.66,2,Conflict
64,40.5,3,Conflict
65,0.0,4,Simultaneous
65,28.1,3,Simultaneous
65,44.22,3,Simultaneous
65,44.27,3,Simultaneous
65,57.01,2,Simultaneous
65,94.32,2,Simultaneous
65,47.77,2,Conflict
65,72.08,3,Conflict
66,0.0,4,Simultaneous
66,3.6,2,Simultaneous
66,33.0,2,Simultaneous
66,55.76,2,Simultaneous
66,13.35,2,Conflict
66,42.12,4,Conflict
66,48.25,2,Conflict
66,59.73,2,Conflict
66,66.36,4,Conflict
66,74.48,4,Conflict
66,86.54,2,Conflict
67,0.0,4,Simultaneous
67,4.67,2,Simultaneous
67,4.67,3,Simultaneous
67,10.99,2,Simultaneous
67,16.77,3,Conflict
67,88.88,2,Conflict
68,0.0,4,Simultaneous
68,13.65,4,Simultaneous
68,47.82,2,Simultaneous
68,58.43,3,Simultaneous
68,19.86,2,Conflict
68,48.71,4,Conflict
68,76.02,2,Conflict
68,76.14,3,Conflict
68,87.81,3,Conflict
69,0.0,4,Simultaneous
69,14.43,2,Simultaneous
69,28.93,2,Simultaneous
69,67.28,3,Simultaneous
70,0.0,4,Simultaneous
70,23.72,2,Simultaneous
70,42.22,3,Simultaneous
70,69.19,3,Simultaneous
70,18.93,3,Conflict
70,21.28,2,Conflict
70,23.74,2,Conflict
70,70.52,2,Conflict
70,78.02,2,Conflict
70,81.8,2,Conflict
70,92.66,2,Conflict
71,0.0,4,Simultaneous
71,35.11,2,Simultaneous
71,48.32,4,Simultaneous
71,79.52,3,Simultaneous
71,8.48,3,Conflict
71,31.73,3,Conflict
72,0.0,4,Simultaneous
72,17.1,3,Simultaneous
72,20.98,2,Simultaneous
72,31.14,2,Simultaneous
72,32.25,2,Simultaneous
72,50.07,3,Simultaneous
72,87.73,2,Simultaneous
72,94.95,2,Simultaneous
72,5.86,2,Conflict
72,31.08,3,Conflict
72,42.66,4,Conflict
72,47.9,2,Conflict
72,67.45,2,Conflict
72,77.43,3,Conflict
72,81.8,2,Conflict
72,81.82,2,Conflict
72,90.34,3,Conflict
73,0.0,4,Simultaneous
73,60.13,2,Simultaneous
73,60.99,3,Simultaneous
73,70.35,3,Simultaneous
73,80.04,2,Simultaneous
73,81.34,2,Simultaneous
74,0.0,4,Simultaneous
74,24.13,3,Simultaneous
74,37.11,3,Simultaneous
74,79.69,2,Simultaneous
74,11.25,3,Conflict
74,27.23,2,Conflict
74,89.31,2,Conflict
75,0.0,4,Simultaneous
75,4.38,3,Simultaneous
75,56.06,4,Simultaneous
75,96.55,3,Simultaneous
75,48.86,2,Conflict
76,0.0,4,Simultaneous
76,5.2,2,Simultaneous
76,79.38,2,Simultaneous
76,93.65,2,Simultaneous
76,2.3,3,Conflict
76,18.59,2,Conflict
76,32.1,2,Conflict
76,43.48,3,Conflict
76,64.7,2,Conflict
76,71.78,2,Conflict
76,74.18,2,Conflict
76,86.14,2,Conflict
76,86.35,2,Conflict
76,99.02,3,Conflict
77,0.0,4,Simultaneous
77,3.36,2,Simultaneous
77,51.02,2,Simultaneous
77,62.2,2,Simultaneous
77,87.8,2,Simultaneous
77,88.68,2,Simultaneous
77,90.84,3,Simultaneous
77,94.43,4,Simultaneous
77,29.8,3,Conflict
77,46.34,3,Conflict
77,95.21,2,Conflict
78,0.0,4,Simultaneous
78,7.75,3,Simultaneous
78,44.7,3,Simultaneous
78,75.51,3,Simultaneous
78,9.89,2,Conflict
78,20.75,2,Conflict
78,60.39,3,Conflict
78,60.91,2,Conflict
78,91.79,2,Conflict
79,0.0,4,Simultaneous
79,23.45,2,Simultaneous
79,29.28,3,Simultaneous
79,34.52,2,Simultaneous
79,30.97,2,Conflict
79,65.87,3,Conflict
80,0.0,4,Simultaneous
80,1.25,4,Simultaneous
80,57.37,4,Simultaneous
80,60.91,3,Simultaneous
81,0.0,4,Simultaneous
81,18.93,2,Simultaneous
81,92.92,2,Simultaneous
81,98.45,2,Simultaneous
81,17.3,2,Conflict
81,50.03,2,Conflict
81,67.91,2,Conflict
82,0.0,4,Simultaneous
82,32.51,3,Simultaneous
82,51.01,2,Simultaneous
82,66.55,2,Simultaneous
82,75.12,2,Simultaneous
82,83.58,2,Simultaneous
82,26.92,3,Conflict
82,52.01,3,Conflict
82,80.34,2,Conflict
82,81.96,3,Conflict
83,0.0,4,Simultaneous
83,26.8,2,Simultaneous
83,52.55,2,Simultaneous
83,55.18,2,Simultaneous
83,12.5,2,Conflict
83,42.49,2,Conflict
83,62.65,3,Conflict
83,69.4,2,Conflict
83,74.22,2,Conflict
84,0.0,4,Simultaneous
84,18.16,3,Simultaneous
84,71.74,4,Simultaneous
84,91.11,2,Simultaneous
84,52.75,2,Conflict
84,61.72,2,Conflict
84,62.65,2,Conflict
85,0.0,4,Simultaneous
85,60.15,2,Simultaneous
85,83.9,3,Simultaneous
85,85.07,2,Simultaneous
85,7.25,2,Conflict
85,10.26,3,Conflict
85,24.62,2,Conflict
85,33.12,3,Conflict
85,67.84,2,Conflict
86,0.0,4,Simultaneous
86,11.01,2,Simultaneous
86,15.14,2,Simultaneous
86,29.48,2,Simultaneous
86,39.55,3,Simultaneous
86,51.3,2,Simultaneous
86,55.02,3,Conflict
87,0.0,4,Simultaneous
87,44.2,3,Simultaneous
87,59.44,2,Simultaneous
87,77.92,3,Simultaneous
87,63.59,2,Conflict
87,64.73,4,Conflict
87,76.94,2,Conflict
87,87.05,2,Conflict
88,0.0,4,Simultaneous
88,9.83,2,Simultaneous
88,17.96,4,Simultaneous
88,58.05,3,Simultaneous
88,24.07,2,Conflict
88,60.55,2,Conflict
88,78.73,3,Conflict
88,90.29,2,Conflict
89,0.0,4,Simultaneous
89,4.41,2,Simultaneous
89,62.22,3,Simultaneous
89,68.86,2,Simultaneous
89,96.52,3,Simultaneous
89,97.32,2,Simultaneous
89,17.93,2,Conflict
90,0.0,4,Simultaneous
90,11.83,2,Simultaneous
90,49.8,2,Simultaneous
90,73.64,3,Simultaneous
90,31.78,3,Conflict
90,34.51,3,Conflict
90,62.13,3,Conflict
91,0.0,4,Simultaneous
91,4.49,3,Simultaneous
91,28.93,3,Simultaneous
91,34.41,2,Simultaneous
91,65.11,3,Simultaneous
91,80.19,2,Simultaneous
91,80.47,3,Conflict
92,0.0,4,Simultaneous
92,15.87,3,Simultaneous
92,68.18,3,Simultaneous
92,82.84,2,Simultaneous
93,0.0,4,Simultaneous
93,9.85,3,Simultaneous
93,42.12,2,Simultaneous
93,51.45,2,Simultaneous
93,6.82,2,Conflict
93,46.94,4,Conflict
93,52.5,3,Conflict
93,59.74,2,Conflict
94,0.0,4,Simultaneous
94,66.06,3,Simultaneous
94,86.87,3,Simultaneous
94,98.47,2,Simultaneous
94,36.46,3,Conflict
94,84.92,3,Conflict
95,0.0,4,Simultaneous
95,36.34,2,Simultaneous
95,40.08,2,Simultaneous
95,43.74,2,Simultaneous
95,23.66,2,Conflict
95,34.59,3,Conflict
95,44.35,3,Conflict
95,83.3,3,Conflict
96,0.0,4,Simultaneous
96,22.44,3,Simultaneous
96,43.97,2,Simultaneous
96,44.18,2,Simultaneous
96,59.56,3,Simultaneous
96,98.41,3,Simultaneous
96,16.07,3,Conflict
96,36.95,2,Conflict
96,90.99,2,Conflict
96,95.48,3,Conflict
97,0.0,4,Simultaneous
97,5.29,2,Simultaneous
97,58.33,2,Simultaneous
97,79.85,3,Simultaneous
97,47.49,3,Conflict
97,54.26,2,Conflict
98,0.0,4,Simultaneous
98,29.01,3,Simultaneous
98,72.16,4,Simultaneous
98,78.1,3,Simultaneous
98,25.7,4,Conflict
98,46.53,2,Conflict
99,0.0,4,Simultaneous
99,26.47,2,Simultaneous
99,67.39,3,Simultaneous
99,73.39,2,Simultaneous
99,27.51,2,Conflict
99,64.75,3,Conflict
99,68.55,3,Conflict
100,0.0,4,Simultaneous
100,35.32,3,Simultaneous
100,38.69,2,Simultaneous
100,95.17,2,Simultaneous
100,38.4,2,Conflict
100,57.34,2,Conflict
101,0.0,4,Simultaneous
101,18.35,2,Simultaneous
101,62.4,2,Simultaneous
101,87.49,2,Simultaneous
101,12.17,2,Conflict
101,55.7,2,Conflict
102,0.0,4,Simultaneous
102,4.32,2,Simultaneous
102,29.06,4,Simultaneous
102,43.18,2,Simultaneous
102,64.44,3,Simultaneous
102,79.52,2,Simultaneous
102,27.9,3,Conflict
102,30.68,3,Conflict
102,58.28,4,Conflict
102,81.0,2,Conflict
103,0.0,4,Simultaneous
103,58.52,2,Simultaneous
103,71.61,2,Simultaneous
103,74.02,4,Simultaneous
103,49.16,2,Conflict
103,50.94,2,Conflict
104,0.0,4,Simultaneous
104,13.6,2,Simultaneous
104,66.92,2,Simultaneous
104,88.83,2,Simultaneous
104,55.29,2,Conflict
104,84.58,3,Conflict
105,0.0,4,Simultaneous
105,17.9,2,Simultaneous
105,20.72,2,Simultaneous
105,85.95,2,Simultaneous
105,8.08,2,Conflict
106,0.0,4,Simultaneous
106,1.4,3,Simultaneous
106,13.51,3,Simultaneous
106,58.89,4,Simultaneous
106,62.15,3,Simultaneous
106,69.87,3,Simultaneous
106,81.96,3,Conflict
107,0.0,4,Simultaneous
107,11.92,3,Simultaneous
107,41.71,2,Simultaneous
107,88.93,3,Simultaneous
107,72.35,2,Conflict
107,84.09,2,Conflict
107,89.79,3,Conflict
108,0.0,4,Simultaneous
108,16.68,2,Simultaneous
108,24.13,2,Simultaneous
108,36.57,3,Simultaneous
108,12.58,3,Conflict
108,36.01,3,Conflict
108,47.42,3,Conflict
108,54.58,2,Conflict
108,64.38,2,Conflict
109,0.0,4,Simultaneous
109,4.67,3,Simultaneous
109,10.37,3,Simultaneous
109,35.93,3,Simultaneous
109,56.72,2,Simultaneous
109,58.74,4,Simultaneous
109,82.96,2,Simultaneous
109,85.87,2,Simultaneous
109,10.25,3,Conflict
109,32.86,2,Conflict
109,64.82,2,Conflict
109,69.83,2,Conflict
109,86.28,3,Conflict
110,0.0,4,Simultaneous
110,8.23,3,Simultaneous
110,9.4,2,Simultaneous
110,31.71,2,Simultaneous
110,37.66,2,Simultaneous
110,39.55,4,Simultaneous
110,8.81,3,Conflict
110,50.09,4,Conflict
111,0.0,4,Simultaneous
111,37.09,4,Simultaneous
111,46.42,4,Simultaneous
111,90.81,2,Simultaneous
111,40.57,2,Conflict
111,50.31,2,Conflict
111,56.61,3,Conflict
111,63.9,2,Conflict
111,96.93,3,Conflict
112,0.0,4,Simultaneous
112,14.5,3,Simultaneous
112,14.55,2,Simultaneous
112,78.85,3,Simultaneous
112,5.16,2,Conflict
112,29.58,3,Conflict
113,0.0,4,Simultaneous
113,3.84,4,Simultaneous
113,9.6,3,Simultaneous
113,22.6,4,Simultaneous
113,54.18,3,Simultaneous
113,80.8,2,Simultaneous
113,5.84,2,Conflict
113,18.11,3,Conflict
113,26.23,4,Conflict
113,27.98,2,Conflict
113,30.29,2,Conflict
113,31.52,2,Conflict
113,52.29,2,Conflict
113,98.13,2,Conflict
114,0.0,4,Simultaneous
114,38.02,2,Simultaneous
114,89.01,2,Simultaneous
114,92.74,3,Simultaneous
114,98.42,2,Conflict
115,0.0,4,Simultaneous
115,29.81,2,Simultaneous
115,63.95,3,Simultaneous
115,71.78,4,Simultaneous
115,41.4,3,Conflict
115,89.06,2,Conflict
116,0.0,4,Simultaneous
116,0.59,2,Simultaneous
116,41.36,2,Simultaneous
116,64.35,3,Simultaneous
116,60.58,4,Conflict
116,77.06,2,Conflict
117,0.0,4,Simultaneous
117,50.73,2,Simultaneous
117,55.07,2,Simultaneous
117,97.48,2,Simultaneous
117,8.59,2,Conflict
117,27.39,3,Conflict
117,42.81,3,Conflict
117,50.25,2,Conflict
117,62.55,2,Conflict
118,0.0,4,Simultaneous
118,4.88,2,Simultaneous
118,28.69,3,Simultaneous
118,53.42,2,Simultaneous
118,16.59,3,Conflict
118,67.91,2,Conflict
119,0.0,4,Simultaneous
119,11.92,2,Simultaneous
119,23.32,2,Simultaneous
119,54.69,2,Simultaneous
119,55.49,2,Simultaneous
119,60.13,2,Simultaneous
119,21.28,2,Conflict
120,0.0,4,Simultaneous
120,13.65,4,Simultaneous
120,16.9,2,Simultaneous
120,21.64,3,Simultaneous
120,3.11,2,Conflict
121,0.0,4,Simultaneous
121,5.7,3,Simultaneous
121,30.22,3,Simultaneous
121,34.86,2,Simultaneous
121,17.24,3,Conflict
121,34.43,3,Conflict
122,0.0,4,Simultaneous
122,0.93,2,Simultaneous
122,36.8,2,Simultaneous
122,46.66,2,Simultaneous
122,69.19,2,Conflict
122,76.67,2,Conflict
123,0.0,4,Simultaneous
123,78.17,2,Simultaneous
123,80.84,3,Simultaneous
123,81.79,2,Simultaneous
123,98.63,2,Conflict
124,0.0,4,Simultaneous
124,21.0,3,Simultaneous
124,27.23,3,Simultaneous
124,42.94,3,Simultaneous
124,47.14,2,Simultaneous
124,70.79,2,Simultaneous
124,59.71,3,Conflict
125,0.0,4,Simultaneous
125,59.51,2,Simultaneous
125,61.25,3,Simultaneous
125,68.08,3,Simultaneous
125,62.15,2,Conflict
126,0.0,4,Simultaneous
126,3.05,2,Simultaneous
126,16.07,2,Simultaneous
126,57.92,2,Simultaneous
126,99.72,3,Conflict
127,0.0,4,Simultaneous
127,29.76,3,Simultaneous
127,35.81,4,Simultaneous
127,81.64,3,Simultaneous
127,26.16,3,Conflict
128,0.0,4,Simultaneous
128,7.12,3,Simultaneous
128,23.21,2,Simultaneous
128,80.79,2,Simultaneous
129,0.0,4,Simultaneous
129,26.04,3,Simultaneous
129,46.12,3,Simultaneous
129,58.3,3,Simultaneous
129,85.33,3,Simultaneous
129,95.78,2,Simultaneous
129,18.12,4,Conflict
129,21.23,3,Conflict
129,53.53,2,Conflict
129,61.23,2,Conflict
129,68.59,2,Conflict
129,84.0,2,Conflict
130,0.0,4,Simultaneous
130,44.53,3,Simultaneous
130,52.51,4,Simultaneous
130,63.52,2,Simultaneous
130,28.04,3,Conflict
130,48.39,2,Conflict
131,0.0,4,Simultaneous
131,31.92,2,Simultaneous
131,82.68,3,Simultaneous
131,97.6,3,Simultaneous
131,52.18,3,Conflict
131,71.08,3,Conflict
131,97.71,3,Conflict
132,0.0,4,Simultaneous
132,63.14,2,Simultaneous
132,65.29,4,Simultaneous
132,99.13,2,Simultaneous
132,12.76,2,Conflict
132,26.36,3,Conflict
133,0.0,4,Simultaneous
133,26.54,2,Simultaneous
133,31.88,3,Simultaneous
133,99.04,4,Simultaneous
133,11.85,3,Conflict
133,36.57,3,Conflict
134,0.0,4,Simultaneous
134,35.49,2,Simultaneous
134,40.23,2,Simultaneous
134,69.73,4,Simultaneous
134,28.87,3,Conflict
134,39.5,4,Conflict
134,47.38,3,Conflict
135,0.0,4,Simultaneous
135,10.89,2,Simultaneous
135,45.69,2,Simultaneous
135,70.91,2,Simultaneous
135,1.71,2,Conflict
135,14.65,2,Conflict
135,14.76,2,Conflict
135,32.22,3,Conflict
135,79.93,4,Conflict
136,0.0,4,Simultaneous
136,4.38,2,Simultaneous
136,29.36,2,Simultaneous
136,59.81,2,Simultaneous
136,73.05,2,Simultaneous
136,93.3,2,Simultaneous
136,73.59,2,Conflict
137,0.0,4,Simultaneous
137,39.23,2,Simultaneous
137,46.42,3,Simultaneous
137,84.17,2,Simultaneous
138,0.0,4,Simultaneous
138,42.47,2,Simultaneous
138,60.02,3,Simultaneous
138,61.78,2,Simultaneous
138,10.99,2,Conflict
138,36.96,3,Conflict
139,0.0,4,Simultaneous
139,34.13,3,Simultaneous
139,71.61,3,Simultaneous
139,81.28,2,Simultaneous
139,1.38,2,Conflict
140,0.0,4,Simultaneous
140,50.51,2,Simultaneous
140,72.35,2,Simultaneous
140,90.87,3,Simultaneous
140,3.49,3,Conflict
140,48.6,3,Conflict
140,90.58,2,Conflict
140,96.32,2,Conflict
141,0.0,4,Simultaneous
141,9.85,3,Simultaneous
141,28.04,4,Simultaneous
141,69.85,3,Simultaneous
142,0.0,4,Simultaneous
142,5.17,2,Simultaneous
142,14.46,4,Simultaneous
142,18.12,2,Simultaneous
142,19.06,2,Simultaneous
142,19.39,3,Simultaneous
142,33.75,3,Simultaneous
142,47.44,2,Simultaneous
142,63.37,2,Simultaneous
142,97.21,2,Simultaneous
142,19.93,2,Conflict
142,33.77,2,Conflict
142,38.65,4,Conflict
143,0.0,4,Simultaneous
143,28.93,2,Simultaneous
143,45.0,2,Simultaneous
143,49.77,2,Simultaneous
143,8.87,4,Conflict
143,25.66,4,Conflict
143,83.33,2,Conflict
144,0.0,4,Simultaneous
144,3.55,2,Simultaneous
144,5.17,4,Simultaneous
144,66.04,4,Simultaneous
144,29.59,4,Conflict
144,75.99,2,Conflict
145,0.0,4,Simultaneous
145,6.71,3,Simultaneous
145,59.51,3,Simultaneous
145,92.29,2,Simultaneous
145,5.6,2,Conflict
145,42.18,2,Conflict
145,79.77,2,Conflict
146,0.0,4,Simultaneous
146,5.93,3,Simultaneous
146,16.61,2,Simultaneous
146,19.98,3,Simultaneous
146,47.51,4,Simultaneous
146,82.77,4,Simultaneous
146,50.97,3,Conflict
146,71.74,2,Conflict
147,0.0,4,Simultaneous
147,0.7,2,Simultaneous
147,36.17,2,Simultaneous
147,92.66,2,Simultaneous
147,7.0,3,Conflict
147,23.08,2,Conflict
147,26.25,2,Conflict
147,98.49,3,Conflict
148,0.0,4,Simultaneous
148,64.09,2,Simultaneous
148,65.37,2,Simultaneous
148,67.91,2,Simultaneous
148,11.35,3,Conflict
148,59.93,2,Conflict
149,0.0,4,Simultaneous
149,17.5,3,Simultaneous
149,34.54,3,Simultaneous
149,66.89,2,Simultaneous
149,37.34,2,Conflict
149,79.98,3,Conflict
150,0.0,4,Simultaneous
150,26.05,2,Simultaneous
150,41.81,3,Simultaneous
150,90.3,2,Simultaneous
150,16.84,2,Conflict
151,0.0,4,Simultaneous
151,34.92,4,Simultaneous
151,37.77,3,Simultaneous
151,50.95,2,Simultaneous
151,71.9,3,Simultaneous
151,76.0,2,Simultaneous
151,44.05,4,Conflict
151,96.66,4,Conflict
152,0.0,4,Simultaneous
152,29.67,2,Simultaneous
152,71.75,2,Simultaneous
152,93.51,4,Simultaneous
152,31.83,2,Conflict
152,64.27,3,Conflict
152,68.31,2,Conflict
153,0.0,4,Simultaneous
153,2.15,3,Simultaneous
153,6.89,4,Simultaneous
153,63.95,3,Simultaneous
153,17.1,3,Conflict
153,21.43,2,Conflict
153,97.01,4,Conflict
154,0.0,4,Simultaneous
154,27.45,2,Simultaneous
154,41.26,3,Simultaneous
154,47.36,4,Simultaneous
154,63.14,4,Simultaneous
154,76.22,2,Simultaneous
154,15.8,2,Conflict
154,70.4,2,Conflict
155,0.0,4,Simultaneous
155,43.53,3,Simultaneous
155,53.94,3,Simultaneous
155,65.64,2,Simultaneous
156,0.0,4,Simultaneous
156,57.97,2,Simultaneous
156,64.28,3,Simultaneous
156,72.71,2,Simultaneous
156,85.19,3,Conflict
157,0.0,4,Simultaneous
157,43.81,3,Simultaneous
157,57.94,3,Simultaneous
157,89.46,3,Simultaneous
158,0.0,4,Simultaneous
158,6.89,2,Simultaneous
158,23.38,2,Simultaneous
158,29.67,2,Simultaneous
158,27.23,2,Conflict
158,33.63,2,Conflict
159,0.0,4,Simultaneous
159,8.18,4,Simultaneous
159,40.38,4,Simultaneous
159,46.94,2,Simultaneous
159,50.87,4,Simultaneous
159,98.05,2,Simultaneous
159,24.14,4,Conflict
159,52.94,2,Conflict
159,96.93,4,Conflict
160,0.0,4,Simultaneous
160,2.46,4,Simultaneous
160,90.01,2,Simultaneous
160,99.22,3,Simultaneous
160,80.7,3,Conflict
161,0.0,4,Simultaneous
161,24.26,3,Simultaneous
161,66.35,2,Simultaneous
161,92.51,2,Simultaneous
161,8.58,2,Conflict
161,29.27,2,Conflict
162,0.0,4,Simultaneous
162,11.77,2,Simultaneous
162,49.08,2,Simultaneous
162,89.46,2,Simultaneous
163,0.0,4,Simultaneous
163,30.08,3,Simultaneous
163,90.97,3,Simultaneous
163,97.92,2,Simultaneous
163,68.31,3,Conflict
164,0.0,4,Simultaneous
164,5.08,3,Simultaneous
164,27.84,2,Simultaneous
164,33.77,2,Simultaneous
164,46.24,2,Simultaneous
164,85.0,2,Simultaneous
164,7.52,2,Conflict
165,0.0,4,Simultaneous
165,8.73,2,Simultaneous
165,31.44,3,Simultaneous
165,54.92,4,Simultaneous
165,15.87,4,Conflict
165,40.57,4,Conflict
166,0.0,4,Simultaneous
166,6.17,3,Simultaneous
166,31.38,2,Simultaneous
166,51.36,2,Simultaneous
166,81.82,3,Conflict
167,0.0,4,Simultaneous
167,8.93,4,Simultaneous
167,51.23,2,Simultaneous
167,53.01,3,Simultaneous
167,1.93,2,Conflict
167,22.21,2,Conflict
167,65.11,2,Conflict
168,0.0,4,Simultaneous
168,11.14,2,Simultaneous
168,41.14,3,Simultaneous
168,66.55,4,Simultaneous
168,39.46,2,Conflict
169,0.0,4,Simultaneous
169,2.89,3,Simultaneous
169,74.95,4,Simultaneous
169,84.17,3,Simultaneous
169,97.74,3,Conflict
170,0.0,4,Simultaneous
170,52.25,3,Simultaneous
170,66.83,4,Simultaneous
170,73.98,4,Simultaneous
170,40.62,2,Conflict
170,54.93,3,Conflict
170,66.93,4,Conflict
170,76.1,4,Conflict
171,0.0,4,Simultaneous
171,1.71,3,Simultaneous
171,75.01,2,Simultaneous
171,96.95,2,Simultaneous
171,67.31,3,Conflict
171,80.45,3,Conflict
171,96.24,3,Conflict
172,0.0,4,Simultaneous
172,12.65,2,Simultaneous
172,42.81,2,Simultaneous
172,85.95,2,Simultaneous
172,40.38,2,Conflict
173,0.0,4,Simultaneous
173,17.74,4,Simultaneous
173,36.64,2,Simultaneous
173,38.87,3,Simultaneous
173,57.75,2,Simultaneous
173,69.66,3,Simultaneous
173,7.64,2,Conflict
173,57.01,2,Conflict
174,0.0,4,Simultaneous
174,41.91,4,Simultaneous
174,58.51,2,Simultaneous
174,85.94,2,Simultaneous
174,18.94,2,Conflict
174,31.44,2,Conflict
174,33.76,3,Conflict
174,80.19,3,Conflict
175,0.0,4,Simultaneous
175,4.79,3,Simultaneous
175,22.51,2,Simultaneous
175,34.46,3,Simultaneous
175,33.04,3,Conflict
175,43.04,2,Conflict
175,44.04,2,Conflict
175,86.89,2,Conflict
176,0.0,4,Simultaneous
176,45.11,2,Simultaneous
176,77.16,2,Simultaneous
176,85.89,2,Simultaneous
176,5.08,3,Conflict
176,32.88,2,Conflict
176,89.84,2,Conflict
176,98.67,3,Conflict
177,0.0,4,Simultaneous
177,31.71,2,Simultaneous
177,48.11,2,Simultaneous
177,93.84,2,Simultaneous
177,5.95,3,Conflict
177,72.42,3,Conflict
177,84.56,3,Conflict
177,88.16,2,Conflict
178,0.0,4,Simultaneous
178,11.77,2,Simultaneous
178,33.77,4,Simultaneous
178,81.93,2,Simultaneous
178,46.9,3,Conflict
179,0.0,4,Simultaneous
179,77.34,3,Simultaneous
179,88.15,3,Simultaneous
179,89.79,2,Simultaneous
179,23.99,3,Conflict
179,65.4,2,Conflict
180,0.0,4,Simultaneous
180,52.26,3,Simultaneous
180,79.26,4,Simultaneous
180,93.65,2,Simultaneous
180,26.14,2,Conflict
180,75.55,2,Conflict
181,0.0,4,Simultaneous
181,30.16,3,Simultaneous
181,67.39,3,Simultaneous
181,72.37,2,Simultaneous
181,28.78,2,Conflict
181,37.17,2,Conflict
181,69.28,3,Conflict
182,0.0,4,Simultaneous
182,20.01,2,Simultaneous
182,31.88,2,Simultaneous
182,42.17,4,Simultaneous
182,94.08,4,Simultaneous
182,94.74,3,Simultaneous
182,33.16,3,Conflict
182,66.04,2,Conflict
183,0.0,4,Simultaneous
183,8.62,3,Simultaneous
183,13.32,2,Simultaneous
183,31.53,3,Simultaneous
183,43.56,3,Simultaneous
183,91.86,4,Simultaneous
183,9.07,3,Conflict
183,10.55,2,Conflict
183,21.39,2,Conflict
183,24.58,2,Conflict
184,0.0,4,Simultaneous
184,31.53,3,Simultaneous
184,35.98,2,Simultaneous
184,90.06,3,Simultaneous
184,16.43,2,Conflict
185,0.0,4,Simultaneous
185,34.85,3,Simultaneous
185,45.65,2,Simultaneous
185,91.01,2,Simultaneous
185,7.4,2,Conflict
185,55.87,2,Conflict
185,64.76,2,Conflict
185,74.52,4,Conflict
186,0.0,4,Simultaneous
186,18.86,4,Simultaneous
186,19.97,2,Simultaneous
186,38.22,4,Simultaneous
186,58.52,4,Simultaneous
186,68.98,3,Simultaneous
186,25.34,2,Conflict
186,55.07,2,Conflict
186,66.48,3,Conflict
186,76.05,2,Conflict
186,99.49,2,Conflict
187,0.0,4,Simultaneous
187,26.23,3,Simultaneous
187,47.66,2,Simultaneous
187,57.11,2,Simultaneous
187,1.02,2,Conflict
187,35.14,2,Conflict
187,38.04,2,Conflict
187,86.62,2,Conflict
188,0.0,4,Simultaneous
188,14.38,4,Simultaneous
188,50.84,3,Simultaneous
188,66.06,4,Simultaneous
188,54.68,3,Conflict
189,0.0,4,Simultaneous
189,54.58,4,Simultaneous
189,73.92,3,Simultaneous
189,77.51,4,Simultaneous
189,79.18,4,Simultaneous
189,88.69,2,Simultaneous
189,15.68,2,Conflict
189,59.77,2,Conflict
189,80.64,2,Conflict
190,0.0,4,Simultaneous
190,18.5,3,Simultaneous
190,48.61,2,Simultaneous
190,61.71,3,Simultaneous
190,17.47,3,Conflict
190,46.66,2,Conflict
190,55.88,2,Conflict
190,64.7,2,Conflict
191,0.0,4,Simultaneous
191,58.53,4,Simultaneous
191,58.9,4,Simultaneous
191,77.75,2,Simultaneous
191,8.7,2,Conflict
191,27.99,2,Conflict
191,30.44,2,Conflict
191,55.91,3,Conflict
191,83.78,2,Conflict
192,0.0,4,Simultaneous
192,1.33,2,Simultaneous
192,87.36,2,Simultaneous
192,91.53,2,Simultaneous
192,3.75,2,Conflict
192,28.2,3,Conflict
192,55.34,3,Conflict
192,85.37,3,Conflict
192,87.61,3,Conflict
193,0.0,4,Simultaneous
193,5.86,4,Simultaneous
193,6.42,3,Simultaneous
193,16.78,2,Simultaneous
193,32.86,2,Conflict
194,0.0,4,Simultaneous
194,7.13,3,Simultaneous
194,86.74,4,Simultaneous
194,96.08,3,Simultaneous
194,18.35,2,Conflict
194,54.69,2,Conflict
194,89.06,3,Conflict
195,0.0,4,Simultaneous
195,13.14,2,Simultaneous
195,60.97,2,Simultaneous
195,79.11,2,Simultaneous
195,15.03,3,Conflict
195,32.1,2,Conflict
195,66.02,2,Conflict
196,0.0,4,Simultaneous
196,15.1,2,Simultaneous
196,24.61,2,Simultaneous
196,31.52,2,Simultaneous
196,35.87,3,Simultaneous
196,40.57,2,Simultaneous
196,52.26,3,Simultaneous
196,54.5,4,Simultaneous
196,39.46,2,Conflict
196,82.33,2,Conflict
196,95.01,2,Conflict
196,97.83,2,Conflict
197,0.0,4,Simultaneous
197,21.3,2,Simultaneous
197,82.94,3,Simultaneous
197,91.53,2,Simultaneous
197,80.8,3,Conflict
198,0.0,4,Simultaneous
198,19.86,2,Simultaneous
198,51.36,2,Simultaneous
198,56.18,3,Simultaneous
198,82.42,4,Conflict
199,0.0,4,Simultaneous
199,0.66,2,Simultaneous
199,6.18,4,Simultaneous
199,90.58,2,Simultaneous
199,8.47,3,Conflict
199,43.56,2,Conflict
199,61.59,2,Conflict
199,80.74,3,Conflict
199,84.35,2,Conflict
200,0.0,4,Simultaneous
200,21.23,3,Simultaneous
200,42.43,2,Simultaneous
200,63.59,2,Simultaneous
200,52.51,4,Conflict
200,79.68,3,Conflict
201,0.0,4,Simultaneous
201,47.01,2,Simultaneous
201,80.69,3,Simultaneous
201,82.0,2,Simultaneous
201,27.17,2,Conflict
201,32.04,3,Conflict
202,0.0,4,Simultaneous
202,34.89,4,Simultaneous
202,49.14,4,Simultaneous
202,60.55,2,Simultaneous
202,22.99,3,Conflict
202,40.73,3,Conflict
202,56.26,3,Conflict
202,69.36,2,Conflict
202,74.29,2,Conflict
202,95.36,4,Conflict
203,0.0,4,Simultaneous
203,42.26,3,Simultaneous
203,50.31,3,Simultaneous
203,79.69,3,Simultaneous
203,33.16,2,Conflict
203,54.3,4,Conflict
203,57.24,2,Conflict
203,65.81,2,Conflict
204,0.0,4,Simultaneous
204,30.99,3,Simultaneous
204,61.37,3,Simultaneous
204,92.03,3,Simultaneous
205,0.0,4,Simultaneous
205,11.49,4,Simultaneous
205,39.12,3,Simultaneous
205,42.83,2,Simultaneous
205,14.44,2,Conflict
205,23.53,2,Conflict
206,0.0,4,Simultaneous
206,25.25,2,Simultaneous
206,29.69,3,Simultaneous
206,32.02,3,Simultaneous
206,63.94,2,Simultaneous
206,92.68,2,Simultaneous
206,11.49,2,Conflict
206,27.7,3,Conflict
206,77.35,2,Conflict
207,0.0,4,Simultaneous
207,21.28,2,Simultaneous
207,70.63,2,Simultaneous
207,99.67,3,Simultaneous
207,7.78,2,Conflict
207,34.05,3,Conflict
207,45.31,3,Conflict
207,46.1,2,Conflict
207,50.83,2,Conflict
207,67.64,2,Conflict
207,82.35,3,Conflict
207,95.78,3,Conflict
208,0.0,4,Simultaneous
208,61.34,3,Simultaneous
208,76.1,4,Simultaneous
208,79.07,2,Simultaneous
208,69.75,3,Conflict
208,77.91,2,Conflict
208,99.55,3,Conflict
209,0.0,4,Simultaneous
209,8.02,2,Simultaneous
209,50.52,2,Simultaneous
209,63.95,3,Simultaneous
209,67.58,2,Simultaneous
209,73.22,2,Simultaneous
209,51.03,2,Conflict
210,0.0,4,Simultaneous
210,3.63,2,Simultaneous
210,13.65,3,Simultaneous
210,20.07,3,Simultaneous
211,0.0,4,Simultaneous
211,16.56,3,Simultaneous
211,25.47,3,Simultaneous
211,87.35,3,Simultaneous
211,65.85,3,Conflict
211,95.82,3,Conflict
212,0.0,4,Simultaneous
212,41.41,2,Simultaneous
212,66.96,2,Simultaneous
212,72.96,2,Simultaneous
212,20.55,3,Conflict
212,51.49,3,Conflict
212,78.73,4,Conflict
212,88.93,2,Conflict
212,95.56,3,Conflict
213,0.0,4,Simultaneous
213,7.58,2,Simultaneous
213,42.94,2,Simultaneous
213,97.74,3,Simultaneous
213,9.33,2,Conflict
213,11.52,3,Conflict
213,18.51,4,Conflict
213,18.96,2,Conflict
213,38.01,2,Conflict
213,39.69,2,Conflict
213,78.73,2,Conflict
214,0.0,4,Simultaneous
214,23.08,3,Simultaneous
214,27.23,2,Simultaneous
214,82.84,3,Simultaneous
214,31.87,2,Conflict
215,0.0,4,Simultaneous
215,39.96,2,Simultaneous
215,62.57,2,Simultaneous
215,81.75,3,Simultaneous
215,17.31,2,Conflict
215,29.48,3,Conflict
215,64.73,4,Conflict
216,0.0,4,Simultaneous
216,17.95,2,Simultaneous
216,18.89,2,Simultaneous
216,36.42,3,Simultaneous
216,62.76,3,Simultaneous
216,80.66,2,Simultaneous
216,22.83,3,Conflict
216,46.44,2,Conflict
217,0.0,4,Simultaneous
217,18.55,2,Simultaneous
217,60.76,3,Simultaneous
217,97.0,2,Simultaneous
217,46.54,3,Conflict
218,0.0,4,Simultaneous
218,13.44,2,Simultaneous
218,95.63,2,Simultaneous
218,95.78,2,Simultaneous
218,0.96,3,Conflict
218,9.6,2,Conflict
218,95.25,2,Conflict
218,97.74,3,Conflict
219,0.0,4,Simultaneous
219,9.48,2,Simultaneous
219,75.22,2,Simultaneous
219,86.74,2,Simultaneous
220,0.0,4,Simultaneous
220,46.62,3,Simultaneous
220,59.69,3,Simultaneous
220,78.73,3,Simultaneous
220,89.05,2,Simultaneous
220,89.12,2,Simultaneous
220,25.46,4,Conflict
220,31.38,2,Conflict
220,89.32,3,Conflict
220,98.01,2,Conflict
221,0.0,4,Simultaneous
221,10.77,2,Simultaneous
221,45.3,2,Simultaneous
221,80.36,3,Simultaneous
221,13.97,2,Conflict
221,43.06,3,Conflict
221,87.81,3,Conflict
222,0.0,4,Simultaneous
222,25.11,3,Simultaneous
222,63.41,3,Simultaneous
222,69.26,3,Simultaneous
222,3.5,4,Conflict
222,31.07,3,Conflict
222,43.53,3,Conflict
222,93.66,2,Conflict
222,95.25,2,Conflict
223,0.0,4,Simultaneous
223,3.27,3,Simultaneous
223,29.64,4,Simultaneous
223,32.85,2,Simultaneous
223,27.25,2,Conflict
223,31.12,3,Conflict
223,52.25,3,Conflict
223,57.05,2,Conflict
224,0.0,4,Simultaneous
224,12.48,2,Simultaneous
224,39.41,3,Simultaneous
224,53.54,3,Simultaneous
224,59.04,4,Conflict
225,0.0,4,Simultaneous
225,48.58,3,Simultaneous
225,75.22,2,Simultaneous
225,75.95,2,Simultaneous
225,10.7,2,Conflict
225,29.33,2,Conflict
226,0.0,4,Simultaneous
226,13.87,3,Simultaneous
226,26.13,3,Simultaneous
226,59.33,4,Simultaneous
226,87.74,4,Simultaneous
226,98.51,2,Simultaneous
226,25.99,2,Conflict
226,57.29,2,Conflict
226,73.64,4,Conflict
226,86.86,2,Conflict
227,0.0,4,Simultaneous
227,4.67,2,Simultaneous
227,6.7,3,Simultaneous
227,45.25,2,Simultaneous
227,14.64,3,Conflict
227,21.47,2,Conflict
227,39.62,3,Conflict
227,40.57,3,Conflict
227,48.71,2,Conflict
227,94.74,3,Conflict
227,95.25,2,Conflict
227,96.58,2,Conflict
228,0.0,4,Simultaneous
228,5.54,3,Simultaneous
228,11.7,4,Simultaneous
228,54.66,3,Simultaneous
228,31.53,2,Conflict
228,67.03,2,Conflict
228,73.2,2,Conflict
229,0.0,4,Simultaneous
229,6.58,2,Simultaneous
229,25.02,3,Simultaneous
229,26.02,2,Simultaneous
229,26.87,3,Conflict
229,66.95,2,Conflict
230,0.0,4,Simultaneous
230,10.19,2,Simultaneous
230,39.9,2,Simultaneous
230,43.64,2,Simultaneous
230,6.18,2,Conflict
230,44.3,3,Conflict
230,50.28,2,Conflict
231,0.0,4,Simultaneous
231,39.25,3,Simultaneous
231,81.11,2,Simultaneous
231,88.78,2,Simultaneous
231,60.55,4,Conflict
231,71.58,3,Conflict
231,74.7,2,Conflict
232,0.0,4,Simultaneous
232,8.16,3,Simultaneous
232,13.51,3,Simultaneous
232,38.4,2,Simultaneous
232,20.32,2,Conflict
232,28.69,2,Conflict
232,63.65,3,Conflict
232,78.6,3,Conflict
232,96.99,4,Conflict
233,0.0,4,Simultaneous
233,18.6,3,Simultaneous
233,59.89,2,Simultaneous
233,94.3,2,Simultaneous
233,30.64,2,Conflict
233,36.24,2,Conflict
233,37.9,2,Conflict
233,58.38,2,Conflict
233,68.17,2,Conflict
233,70.87,4,Conflict
233,80.09,2,Conflict
233,98.63,2,Conflict
233,99.22,2,Conflict
234,0.0,4,Simultaneous
234,3.12,3,Simultaneous
234,11.77,2,Simultaneous
234,69.76,2,Simultaneous
234,65.4,3,Conflict
235,0.0,4,Simultaneous
235,19.95,2,Simultaneous
235,53.63,3,Simultaneous
235,56.24,3,Simultaneous
235,23.83,3,Conflict
235,30.01,2,Conflict
235,34.16,2,Conflict
235,42.13,2,Conflict
235,50.51,4,Conflict
235,59.89,3,Conflict
236,0.0,4,Simultaneous
236,39.61,4,Simultaneous
236,39.99,2,Simultaneous
236,59.72,2,Simultaneous
236,82.63,2,Simultaneous
236,99.69,4,Simultaneous
236,49.2,2,Conflict
236,54.58,4,Conflict
236,82.68,3,Conflict
236,82.96,3,Conflict
237,0.0,4,Simultaneous
237,29.57,4,Simultaneous
237,54.36,3,Simultaneous
237,94.98,3,Simultaneous
237,6.18,2,Conflict
237,14.44,3,Conflict
237,17.6,2,Conflict
238,0.0,4,Simultaneous
238,34.92,2,Simultaneous
238,50.52,2,Simultaneous
238,84.07,2,Simultaneous
238,56.24,2,Conflict
238,65.85,3,Conflict
239,0.0,4,Simultaneous
239,52.38,4,Simultaneous
239,82.93,2,Simultaneous
239,94.6,3,Simultaneous
239,38.7,2,Conflict
239,47.01,2,Conflict
239,67.27,3,Conflict
239,76.02,2,Conflict
239,91.79,4,Conflict
239,92.75,2,Conflict
239,95.59,3,Conflict
240,0.0,4,Simultaneous
240,54.3,2,Simultaneous
240,58.05,2,Simultaneous
240,63.59,2,Simultaneous
240,80.48,2,Simultaneous
240,95.78,3,Simultaneous
240,37.49,3,Conflict
240,66.83,3,Conflict
241,0.0,4,Simultaneous
241,14.63,2,Simultaneous
241,43.28,3,Simultaneous
241,96.37,3,Simultaneous
241,61.69,3,Conflict
242,0.0,4,Simultaneous
242,27.77,2,Simultaneous
242,33.7,2,Simultaneous
242,69.55,2,Simultaneous
242,16.02,3,Conflict
242,59.81,2,Conflict
242,76.77,3,Conflict
243,0.0,4,Simultaneous
243,34.28,2,Simultaneous
243,72.75,2,Simultaneous
243,88.05,2,Simultaneous
243,9.72,3,Conflict
243,25.13,2,Conflict
243,98.14,2,Conflict
244,0.0,4,Simultaneous
244,19.87,3,Simultaneous
244,24.97,2,Simultaneous
244,76.77,2,Simultaneous
244,22.47,2,Conflict
244,24.41,3,Conflict
244,33.55,3,Conflict
245,0.0,4,Simultaneous
245,34.89,2,Simultaneous
245,88.23,3,Simultaneous
245,94.75,3,Simultaneous
245,62.4,2,Conflict
245,93.84,3,Conflict
246,0.0,4,Simultaneous
246,6.97,2,Simultaneous
246,8.97,3,Simultaneous
246,71.41,3,Simultaneous
246,63.59,2,Conflict
247,0.0,4,Simultaneous
247,12.99,2,Simultaneous
247,25.81,3,Simultaneous
247,88.69,3,Simultaneous
247,96.13,2,Simultaneous
247,96.38,3,Simultaneous
248,0.0,4,Simultaneous
248,23.04,3,Simultaneous
248,30.82,2,Simultaneous
248,75.09,3,Simultaneous
248,17.85,2,Conflict
249,0.0,4,Simultaneous
249,34.83,2,Simultaneous
249,46.18,3,Simultaneous
249,82.1,2,Simultaneous
249,8.59,3,Conflict
249,9.17,2,Conflict
249,26.35,3,Conflict
250,0.0,4,Simultaneous
250,16.68,3,Simultaneous
250,26.36,2,Simultaneous
250,34.92,2,Simultaneous
250,23.23,3,Conflict
251,0.0,4,Simultaneous
251,5.62,2,Simultaneous
251,83.22,3,Simultaneous
251,94.6,3,Simultaneous
252,0.0,4,Simultaneous
252,36.01,2,Simultaneous
252,60.99,2,Simultaneous
252,69.66,2,Simultaneous
252,47.95,2,Conflict
252,90.12,2,Conflict
252,96.52,2,Conflict
253,0.0,4,Simultaneous
253,9.9,4,Simultaneous
253,40.18,3,Simultaneous
253,83.18,3,Simultaneous
253,34.41,4,Conflict
253,34.51,3,Conflict
253,38.21,2,Conflict
254,0.0,4,Simultaneous
254,19.06,2,Simultaneous
254,27.45,4,Simultaneous
254,48.36,2,Simultaneous
254,58.06,2,Simultaneous
254,75.64,2,Simultaneous
254,39.81,3,Conflict
255,0.0,4,Simultaneous
255,66.04,3,Simultaneous
255,67.91,2,Simultaneous
255,84.17,2,Simultaneous
255,28.51,2,Conflict
256,0.0,4,Simultaneous
256,55.43,2,Simultaneous
256,73.44,3,Simultaneous
256,96.99,3,Simultaneous
256,17.93,2,Conflict
256,36.17,3,Conflict
256,41.33,4,Conflict
256,49.8,2,Conflict
256,54.58,4,Conflict
256,56.63,2,Conflict
256,97.71,2,Conflict
256,98.78,3,Conflict
257,0.0,4,Simultaneous
257,63.37,2,Simultaneous
257,73.55,3,Simultaneous
257,94.5,2,Simultaneous
257,12.4,3,Conflict
257,79.89,3,Conflict
258,0.0,4,Simultaneous
258,62.65,2,Simultaneous
258,64.66,3,Simultaneous
258,93.65,2,Simultaneous
258,25.04,3,Conflict
259,0.0,4,Simultaneous
259,10.6,3,Simultaneous
259,31.73,2,Simultaneous
259,55.1,3,Simultaneous
259,9.82,2,Conflict
259,11.98,3,Conflict
259,77.24,4,Conflict
259,81.87,2,Conflict
260,0.0,4,Simultaneous
260,8.31,2,Simultaneous
260,34.14,2,Simultaneous
260,43.28,2,Simultaneous
261,0.0,4,Simultaneous
261,25.02,4,Simultaneous
261,60.49,3,Simultaneous
261,62.24,4,Simultaneous
261,66.06,2,Simultaneous
261,80.38,2,Simultaneous
261,10.12,3,Conflict
261,15.15,4,Conflict
261,70.52,2,Conflict
261,85.94,2,Conflict
261,88.92,3,Conflict
262,0.0,4,Simultaneous
262,11.54,3,Simultaneous
262,19.4,2,Simultaneous
262,34.91,3,Simultaneous
263,0.0,4,Simultaneous
263,3.49,3,Simultaneous
263,13.44,2,Simultaneous
263,46.42,2,Simultaneous
263,73.87,2,Conflict
264,0.0,4,Simultaneous
264,20.0,2,Simultaneous
264,41.14,3,Simultaneous
264,85.47,2,Simultaneous
265,0.0,4,Simultaneous
265,12.27,2,Simultaneous
265,34.57,2,Simultaneous
265,69.87,3,Simultaneous
265,42.24,3,Conflict
266,0.0,4,Simultaneous
266,46.54,2,Simultaneous
266,52.22,2,Simultaneous
266,73.89,3,Simultaneous
266,12.46,2,Conflict
266,29.36,3,Conflict
267,0.0,4,Simultaneous
267,20.04,2,Simultaneous
267,55.73,4,Simultaneous
267,95.26,3,Simultaneous
267,30.34,4,Conflict
268,0.0,4,Simultaneous
268,16.42,2,Simultaneous
268,65.14,3,Simultaneous
268,75.63,2,Simultaneous
268,5.91,3,Conflict
268,45.0,2,Conflict
269,0.0,4,Simultaneous
269,13.24,2,Simultaneous
269,18.52,3,Simultaneous
269,31.73,2,Simultaneous
269,22.66,3,Conflict
269,48.18,4,Conflict
269,84.0,3,Conflict
270,0.0,4,Simultaneous
270,28.35,2,Simultaneous
270,48.84,2,Simultaneous
270,96.6,2,Simultaneous
270,3.58,2,Conflict
270,39.83,2,Conflict
270,69.19,3,Conflict
270,76.48,3,Conflict
271,0.0,4,Simultaneous
271,21.46,2,Simultaneous
271,68.54,2,Simultaneous
271,84.41,3,Simultaneous
271,91.0,3,Conflict
272,0.0,4,Simultaneous
272,20.32,2,Simultaneous
272,43.25,3,Simultaneous
272,45.75,3,Simultaneous
273,0.0,4,Simultaneous
273,37.56,2,Simultaneous
273,79.08,3,Simultaneous
273,95.63,2,Simultaneous
273,18.55,3,Conflict
273,22.82,4,Conflict
273,64.23,2,Conflict
273,72.75,2,Conflict
273,93.86,3,Conflict
274,0.0,4,Simultaneous
274,5.86,3,Simultaneous
274,54.26,2,Simultaneous
274,63.59,2,Simultaneous
275,0.0,4,Simultaneous
275,40.18,2,Simultaneous
275,42.19,2,Simultaneous
275,91.5,3,Simultaneous
275,31.07,2,Conflict
275,65.01,3,Conflict
275,93.88,2,Conflict
276,0.0,4,Simultaneous
276,4.87,3,Simultaneous
276,13.19,4,Simultaneous
276,16.71,2,Simultaneous
276,55.11,2,Simultaneous
276,59.72,2,Simultaneous
276,9.02,2,Conflict
276,21.54,2,Conflict
276,72.85,4,Conflict
276,90.05,2,Conflict
277,0.0,4,Simultaneous
277,17.73,2,Simultaneous
277,18.6,3,Simultaneous
277,33.03,3,Simultaneous
277,10.39,2,Conflict
278,0.0,4,Simultaneous
278,4.64,3,Simultaneous
278,55.66,3,Simultaneous
278,85.45,3,Simultaneous
278,30.22,2,Conflict
278,47.82,2,Conflict
279,0.0,4,Simultaneous
279,2.12,2,Simultaneous
279,12.19,4,Simultaneous
279,39.16,3,Simultaneous
279,35.82,2,Conflict
280,0.0,4,Simultaneous
280,7.0,2,Simultaneous
280,80.94,2,Simultaneous
280,97.91,3,Simultaneous
280,55.41,2,Conflict
280,76.49,3,Conflict
281,0.0,4,Simultaneous
281,23.83,2,Simultaneous
281,67.81,3,Simultaneous
281,74.89,3,Simultaneous
281,89.01,4,Simultaneous
281,89.79,3,Simultaneous
281,34.6,2,Conflict
281,43.03,3,Conflict
282,0.0,4,Simultaneous
282,13.12,2,Simultaneous
282,50.03,2,Simultaneous
282,74.24,2,Simultaneous
282,0.66,3,Conflict
282,11.79,2,Conflict
282,37.36,2,Conflict
282,83.22,4,Conflict
283,0.0,4,Simultaneous
283,59.52,2,Simultaneous
283,69.75,3,Simultaneous
283,98.78,2,Simultaneous
283,1.64,2,Conflict
283,15.43,2,Conflict
283,24.1,4,Conflict
283,59.71,2,Conflict
283,60.55,3,Conflict
284,0.0,4,Simultaneous
284,17.11,2,Simultaneous
284,37.19,2,Simultaneous
284,37.71,3,Simultaneous
284,51.42,3,Simultaneous
284,60.87,2,Simultaneous
284,12.44,3,Conflict
284,95.7,2,Conflict
285,0.0,4,Simultaneous
285,26.08,2,Simultaneous
285,30.16,3,Simultaneous
285,40.57,2,Simultaneous
285,60.35,2,Simultaneous
285,67.56,3,Simultaneous
285,8.91,2,Conflict
285,29.22,2,Conflict
285,69.79,3,Conflict
285,75.91,3,Conflict
286,0.0,4,Simultaneous
286,16.42,2,Simultaneous
286,21.43,3,Simultaneous
286,28.05,3,Simultaneous
286,72.96,3,Simultaneous
286,76.0,4,Simultaneous
286,14.76,2,Conflict
286,22.43,2,Conflict
286,30.01,3,Conflict
286,36.95,2,Conflict
286,50.77,2,Conflict
287,0.0,4,Simultaneous
287,23.99,2,Simultaneous
287,41.19,2,Simultaneous
287,96.86,3,Simultaneous
287,69.75,2,Conflict
287,99.04,2,Conflict
288,0.0,4,Simultaneous
288,7.0,3,Simultaneous
288,48.73,3,Simultaneous
288,73.92,3,Simultaneous
289,0.0,4,Simultaneous
289,34.25,2,Simultaneous
289,63.45,2,Simultaneous
289,93.73,4,Simultaneous
289,5.04,2,Conflict
289,41.07,2,Conflict
289,46.1,3,Conflict
289,72.98,3,Conflict
290,0.0,4,Simultaneous
290,13.04,3,Simultaneous
290,22.41,3,Simultaneous
290,51.29,2,Simultaneous
290,80.54,2,Simultaneous
290,90.81,3,Simultaneous
290,2.25,4,Conflict
290,38.96,2,Conflict
290,88.78,2,Conflict
291,0.0,4,Simultaneous
291,31.87,3,Simultaneous
291,51.32,3,Simultaneous
291,73.92,3,Simultaneous
291,69.4,2,Conflict
291,96.86,2,Conflict
292,0.0,4,Simultaneous
292,16.05,2,Simultaneous
292,55.93,3,Simultaneous
292,59.62,2,Simultaneous
292,24.34,4,Conflict
292,66.12,2,Conflict
293,0.0,4,Simultaneous
293,54.68,3,Simultaneous
293,60.82,3,Simultaneous
293,84.99,4,Simultaneous
293,21.47,2,Conflict
293,27.69,2,Conflict
294,0.0,4,Simultaneous
294,6.09,3,Simultaneous
294,11.83,2,Simultaneous
294,49.2,2,Simultaneous
294,60.49,2,Conflict
295,0.0,4,Simultaneous
295,5.35,3,Simultaneous
295,24.14,2,Simultaneous
295,41.07,3,Simultaneous
295,34.74,3,Conflict
295,95.61,4,Conflict
296,0.0,4,Simultaneous
296,27.84,2,Simultaneous
296,31.52,3,Simultaneous
296,51.48,2,Simultaneous
296,77.13,4,Conflict
297,0.0,4,Simultaneous
297,27.13,2,Simultaneous
297,30.68,2,Simultaneous
297,57.66,4,Simultaneous
298,0.0,4,Simultaneous
298,42.41,2,Simultaneous
298,50.26,2,Simultaneous
298,90.15,3,Simultaneous
298,39.93,2,Conflict
299,0.0,4,Simultaneous
299,2.82,2,Simultaneous
299,33.5,3,Simultaneous
299,57.24,2,Simultaneous
300,0.0,4,Simultaneous
300,40.33,2,Simultaneous
300,66.5,2,Simultaneous
300,88.36,4,Simultaneous
300,31.87,3,Conflict
300,54.58,2,Conflict
300,55.28,2,Conflict
300,74.33,2,Conflict
300,86.68,4,Conflict
301,0.0,4,Simultaneous
301,19.22,3,Simultaneous
301,88.54,3,Simultaneous
301,92.92,2,Simultaneous
301,3.49,3,Conflict
301,28.42,3,Conflict
301,28.69,3,Conflict
301,30.01,4,Conflict
301,74.24,3,Conflict
302,0.0,4,Simultaneous
302,51.48,2,Simultaneous
302,53.13,2,Simultaneous
302,91.13,4,Simultaneous
302,46.66,3,Conflict
302,57.11,3,Conflict
302,69.36,2,Conflict
303,0.0,4,Simultaneous
303,2.85,4,Simultaneous
303,11.25,3,Simultaneous
303,65.79,2,Simultaneous
303,66.06,2,Conflict
304,0.0,4,Simultaneous
304,13.22,2,Simultaneous
304,39.23,2,Simultaneous
304,90.97,2,Simultaneous
304,10.59,2,Conflict
304,15.95,2,Conflict
304,43.18,2,Conflict
304,59.97,2,Conflict
304,83.66,3,Conflict
304,93.71,2,Conflict
304,96.68,4,Conflict
305,0.0,4,Simultaneous
305,7.31,2,Simultaneous
305,52.38,2,Simultaneous
305,89.08,2,Simultaneous
305,44.76,3,Conflict
305,50.31,3,Conflict
305,80.45,2,Conflict
306,0.0,4,Simultaneous
306,48.18,2,Simultaneous
306,59.52,4,Simultaneous
306,59.89,2,Simultaneous
306,10.7,2,Conflict
306,12.22,2,Conflict
306,35.92,2,Conflict
306,40.25,4,Conflict
306,58.87,3,Conflict
306,63.58,2,Conflict
307,0.0,4,Simultaneous
307,10.01,2,Simultaneous
307,50.69,2,Simultaneous
307,89.51,2,Simultaneous
307,1.0,2,Conflict
307,16.04,2,Conflict
308,0.0,4,Simultaneous
308,4.41,4,Simultaneous
308,26.35,3,Simultaneous
308,41.19,2,Simultaneous
308,22.99,2,Conflict
308,25.7,2,Conflict
308,49.95,3,Conflict
308,82.19,2,Conflict
309,0.0,4,Simultaneous
309,62.49,2,Simultaneous
309,62.52,3,Simultaneous
309,89.61,3,Simultaneous
309,33.16,2,Conflict
309,39.92,2,Conflict
309,50.25,3,Conflict
309,89.28,2,Conflict
310,0.0,4,Simultaneous
310,24.53,3,Simultaneous
310,40.38,3,Simultaneous
310,62.46,2,Simultaneous
310,63.13,2,Simultaneous
310,80.8,2,Simultaneous
310,68.18,2,Conflict
310,75.15,3,Conflict
310,80.92,2,Conflict
311,0.0,4,Simultaneous
311,7.37,3,Simultaneous
311,20.89,3,Simultaneous
311,38.28,4,Simultaneous
311,37.63,2,Conflict
312,0.0,4,Simultaneous
312,0.92,2,Simultaneous
312,2.25,2,Simultaneous
312,61.73,2,Simultaneous
312,67.07,3,Simultaneous
312,76.47,2,Simultaneous
312,52.12,2,Conflict
312,59.44,2,Conflict
312,87.92,2,Conflict
312,93.46,3,Conflict
313,0.0,4,Simultaneous
313,5.6,2,Simultaneous
313,18.6,2,Simultaneous
313,54.31,2,Simultaneous
313,19.12,2,Conflict
313,40.5,2,Conflict
313,42.22,2,Conflict
314,0.0,4,Simultaneous
314,0.99,2,Simultaneous
314,36.01,3,Simultaneous
314,75.95,4,Simultaneous
314,2.15,3,Conflict
314,10.12,3,Conflict
314,73.04,2,Conflict
315,0.0,4,Simultaneous
315,31.73,2,Simultaneous
315,63.64,2,Simultaneous
315,93.47,3,Simultaneous
315,28.04,3,Conflict
316,0.0,4,Simultaneous
316,40.09,2,Simultaneous
316,46.1,2,Simultaneous
316,66.83,2,Simultaneous
316,27.63,2,Conflict
316,63.21,2,Conflict
317,0.0,4,Simultaneous
317,45.18,2,Simultaneous
317,54.9,2,Simultaneous
317,78.31,3,Simultaneous
317,7.11,2,Conflict
317,10.51,2,Conflict
317,81.68,3,Conflict
318,0.0,4,Simultaneous
318,11.49,2,Simultaneous
318,20.0,2,Simultaneous
318,84.67,2,Simultaneous
319,0.0,4,Simultaneous
319,12.54,2,Simultaneous
319,59.94,2,Simultaneous
319,71.46,3,Simultaneous
320,0.0,4,Simultaneous
320,26.39,3,Simultaneous
320,33.75,3,Simultaneous
320,76.18,3,Simultaneous
320,32.69,3,Conflict
320,41.14,2,Conflict
321,0.0,4,Simultaneous
321,16.37,4,Simultaneous
321,87.36,2,Simultaneous
321,95.65,2,Simultaneous
321,23.39,2,Conflict
321,32.04,3,Conflict
322,0.0,4,Simultaneous
322,12.96,4,Simultaneous
322,28.04,3,Simultaneous
322,52.57,4,Simultaneous
322,74.29,2,Conflict
323,0.0,4,Simultaneous
323,9.76,2,Simultaneous
323,44.53,2,Simultaneous
323,46.77,4,Simultaneous
323,42.22,2,Conflict
323,68.55,3,Conflict
323,69.75,2,Conflict
324,0.0,4,Simultaneous
324,84.41,3,Simultaneous
324,90.66,3,Simultaneous
324,95.09,3,Simultaneous
324,73.16,2,Conflict
324,88.8,2,Conflict
325,0.0,4,Simultaneous
325,51.41,3,Simultaneous
325,75.83,2,Simultaneous
325,94.3,3,Simultaneous
325,40.09,3,Conflict
325,71.46,2,Conflict
325,73.28,3,Conflict
325,80.24,2,Conflict
325,90.24,3,Conflict
326,0.0,4,Simultaneous
326,56.97,2,Simultaneous
326,59.27,2,Simultaneous
326,78.74,2,Simultaneous
326,1.02,2,Conflict
326,4.15,4,Conflict
326,52.51,2,Conflict
327,0.0,4,Simultaneous
327,4.85,2,Simultaneous
327,13.53,3,Simultaneous
327,37.77,3,Simultaneous
327,46.16,3,Simultaneous
327,69.66,2,Simultaneous
327,18.16,2,Conflict
327,25.62,2,Conflict
328,0.0,4,Simultaneous
328,5.05,4,Simultaneous
328,65.1,2,Simultaneous
328,90.87,2,Simultaneous
329,0.0,4,Simultaneous
329,7.41,2,Simultaneous
329,76.56,2,Simultaneous
329,97.39,3,Simultaneous
329,13.71,2,Conflict
329,15.63,2,Conflict
329,96.42,2,Conflict
330,0.0,4,Simultaneous
330,20.03,3,Simultaneous
330,22.44,2,Simultaneous
330,54.77,2,Simultaneous
330,16.1,2,Conflict
330,76.67,3,Conflict
330,80.84,2,Conflict
331,0.0,4,Simultaneous
331,22.21,2,Simultaneous
331,69.5,2,Simultaneous
331,87.99,4,Simultaneous
332,0.0,4,Simultaneous
332,42.94,2,Simultaneous
332,62.92,4,Simultaneous
332,66.52,2,Simultaneous
332,79.48,2,Conflict
332,79.69,2,Conflict
332,98.05,2,Conflict
333,0.0,4,Simultaneous
333,43.98,2,Simultaneous
333,61.18,2,Simultaneous
333,66.83,3,Simultaneous
333,9.95,2,Conflict
333,10.25,3,Conflict
333,12.1,3,Conflict
333,16.56,3,Conflict
333,57.84,3,Conflict
333,90.96,2,Conflict
334,0.0,4,Simultaneous
334,22.51,2,Simultaneous
334,30.29,3,Simultaneous
334,40.06,2,Simultaneous
334,23.61,2,Conflict
334,32.23,2,Conflict
334,43.94,2,Conflict
335,0.0,4,Simultaneous
335,23.18,2,Simultaneous
335,57.76,2,Simultaneous
335,81.67,3,Simultaneous
335,14.36,3,Conflict
335,22.35,2,Conflict
335,40.6,2,Conflict
336,0.0,4,Simultaneous
336,1.49,3,Simultaneous
336,17.39,4,Simultaneous
336,29.33,2,Simultaneous
336,62.56,2,Conflict
337,0.0,4,Simultaneous
337,38.92,2,Simultaneous
337,48.66,2,Simultaneous
337,79.18,2,Simultaneous
337,28.74,2,Conflict
337,53.97,2,Conflict
337,98.78,4,Conflict
338,0.0,4,Simultaneous
338,8.48,2,Simultaneous
338,45.6,2,Simultaneous
338,62.85,2,Simultaneous
338,64.72,3,Conflict
338,65.17,3,Conflict
338,67.21,2,Conflict
338,96.53,2,Conflict
339,0.0,4,Simultaneous
339,6.83,3,Simultaneous
339,16.44,3,Simultaneous
339,46.54,3,Simultaneous
339,13.14,2,Conflict
339,80.64,3,Conflict
339,94.5,2,Conflict
339,96.32,2,Conflict
340,0.0,4,Simultaneous
340,1.82,3,Simultaneous
340,23.0,3,Simultaneous
340,70.4,2,Simultaneous
340,76.23,2,Simultaneous
340,90.69,2,Simultaneous
340,13.44,3,Conflict
340,88.23,4,Conflict
341,0.0,4,Simultaneous
341,22.26,3,Simultaneous
341,43.65,2,Simultaneous
341,99.58,2,Simultaneous
341,51.61,3,Conflict
341,90.68,3,Conflict
342,0.0,4,Simultaneous
342,22.26,3,Simultaneous
342,79.93,2,Simultaneous
342,82.97,3,Simultaneous
342,1.63,4,Conflict
342,40.57,3,Conflict
342,53.84,2,Conflict
343,0.0,4,Simultaneous
343,39.09,3,Simultaneous
343,55.49,3,Simultaneous
343,89.28,2,Simultaneous
343,73.01,3,Conflict
343,75.22,4,Conflict
343,86.74,2,Conflict
344,0.0,4,Simultaneous
344,6.23,2,Simultaneous
344,75.3,4,Simultaneous
344,91.69,3,Simultaneous
344,43.33,3,Conflict
344,48.41,3,Conflict
345,0.0,4,Simultaneous
345,34.37,2,Simultaneous
345,53.8,3,Simultaneous
345,87.91,2,Simultaneous
346,0.0,4,Simultaneous
346,9.06,3,Simultaneous
346,20.45,2,Simultaneous
346,27.42,4,Simultaneous
346,90.17,2,Simultaneous
346,91.71,2,Simultaneous
346,14.15,2,Conflict
346,17.88,2,Conflict
346,20.01,3,Conflict
346,54.89,2,Conflict
346,88.69,2,Conflict
347,0.0,4,Simultaneous
347,13.71,2,Simultaneous
347,47.13,2,Simultaneous
347,48.59,2,Simultaneous
347,8.87,3,Conflict
347,20.54,2,Conflict
347,39.82,2,Conflict
347,40.59,3,Conflict
347,60.31,2,Conflict
347,66.95,3,Conflict
348,0.0,4,Simultaneous
348,43.57,4,Simultaneous
348,80.2,3,Simultaneous
348,90.08,2,Simultaneous
348,1.47,2,Conflict
348,11.6,2,Conflict
348,16.44,4,Conflict
348,28.36,3,Conflict
348,78.09,2,Conflict
348,79.75,3,Conflict
349,0.0,4,Simultaneous
349,7.34,3,Simultaneous
349,13.51,3,Simultaneous
349,48.41,3,Simultaneous
349,54.49,4,Simultaneous
349,75.3,3,Simultaneous
349,15.29,2,Conflict
350,0.0,4,Simultaneous
350,29.22,2,Simultaneous
350,65.81,2,Simultaneous
350,81.67,3,Simultaneous
350,19.11,3,Conflict
350,23.25,2,Conflict
351,0.0,4,Simultaneous
351,5.5,3,Simultaneous
351,19.26,3,Simultaneous
351,48.31,3,Simultaneous
351,52.25,2,Conflict
352,0.0,4,Simultaneous
352,23.61,3,Simultaneous
352,29.64,2,Simultaneous
352,67.54,3,Simultaneous
352,27.35,4,Conflict
352,47.44,3,Conflict
352,91.68,3,Conflict
353,0.0,4,Simultaneous
353,9.02,3,Simultaneous
353,12.31,3,Simultaneous
353,56.18,2,Simultaneous
353,1.71,2,Conflict
353,64.58,2,Conflict
353,69.9,3,Conflict
354,0.0,4,Simultaneous
354,1.92,2,Simultaneous
354,81.53,3,Simultaneous
354,96.37,3,Simultaneous
354,56.79,2,Conflict
354,78.09,2,Conflict
355,0.0,4,Simultaneous
355,4.41,2,Simultaneous
355,67.24,2,Simultaneous
355,90.34,3,Simultaneous
355,7.23,3,Conflict
355,11.6,2,Conflict
355,15.63,2,Conflict
355,30.9,2,Conflict
355,82.19,2,Conflict
356,0.0,4,Simultaneous
356,8.16,2,Simultaneous
356,40.62,4,Simultaneous
356,62.55,2,Simultaneous
356,23.39,3,Conflict
356,30.82,3,Conflict
356,38.21,2,Conflict
356,46.44,2,Conflict
357,0.0,4,Simultaneous
357,1.63,2,Simultaneous
357,16.68,3,Simultaneous
357,39.03,2,Simultaneous
357,30.45,3,Conflict
357,31.48,2,Conflict
357,63.19,3,Conflict
358,0.0,4,Simultaneous
358,8.02,2,Simultaneous
358,49.22,2,Simultaneous
358,78.97,3,Simultaneous
358,60.55,3,Conflict
359,0.0,4,Simultaneous
359,28.78,2,Simultaneous
359,57.75,3,Simultaneous
359,79.32,4,Simultaneous
359,9.16,2,Conflict
359,39.55,3,Conflict
359,48.52,2,Conflict
359,97.32,4,Conflict
360,0.0,4,Simultaneous
360,9.58,3,Simultaneous
360,49.84,2,Simultaneous
360,65.87,2,Simultaneous
360,53.76,2,Conflict
360,54.9,2,Conflict
360,58.76,2,Conflict
360,63.41,2,Conflict
361,0.0,4,Simultaneous
361,5.35,2,Simultaneous
361,18.52,3,Simultaneous
361,40.83,3,Simultaneous
361,78.86,4,Simultaneous
361,86.05,2,Simultaneous
361,6.03,2,Conflict
361,58.74,3,Conflict
361,81.93,4,Conflict
361,92.74,4,Conflict
362,0.0,4,Simultaneous
362,1.33,4,Simultaneous
362,5.04,3,Simultaneous
362,37.09,2,Simultaneous
362,15.14,2,Conflict
362,86.53,2,Conflict
363,0.0,4,Simultaneous
363,67.72,3,Simultaneous
363,87.98,2,Simultaneous
363,91.18,4,Simultaneous
363,17.47,2,Conflict
363,21.63,2,Conflict
363,49.51,4,Conflict
363,65.21,2,Conflict
363,65.34,3,Conflict
363,85.47,2,Conflict
364,0.0,4,Simultaneous
364,40.0,2,Simultaneous
364,79.73,4,Simultaneous
364,90.24,3,Simultaneous
364,18.96,4,Conflict
364,94.3,3,Conflict
365,0.0,4,Simultaneous
365,6.71,2,Simultaneous
365,42.2,3,Simultaneous
365,49.22,2,Simultaneous
365,17.17,2,Conflict
365,42.25,2,Conflict
365,93.84,3,Conflict
365,95.42,4,Conflict
366,0.0,4,Simultaneous
366,65.87,3,Simultaneous
366,82.45,2,Simultaneous
366,85.79,2,Simultaneous
366,3.36,2,Conflict
366,34.08,2,Conflict
366,67.73,2,Conflict
367,0.0,4,Simultaneous
367,56.73,2,Simultaneous
367,72.85,3,Simultaneous
367,78.73,2,Simultaneous
367,81.05,2,Conflict
367,87.06,3,Conflict
368,0.0,4,Simultaneous
368,40.73,3,Simultaneous
368,63.69,2,Simultaneous
368,79.97,3,Simultaneous
368,51.64,2,Conflict
369,0.0,4,Simultaneous
369,14.46,2,Simultaneous
369,26.08,2,Simultaneous
369,73.02,3,Simultaneous
369,3.95,2,Conflict
369,5.04,2,Conflict
369,49.48,2,Conflict
369,75.52,2,Conflict
369,75.8,4,Conflict
369,96.53,2,Conflict
370,0.0,4,Simultaneous
370,15.06,2,Simultaneous
370,35.49,2,Simultaneous
370,65.87,3,Simultaneous
370,92.84,4,Conflict
371,0.0,4,Simultaneous
371,14.44,3,Simultaneous
371,66.14,4,Simultaneous
371,96.58,3,Simultaneous
371,6.71,2,Conflict
371,27.44,2,Conflict
371,71.02,3,Conflict
372,0.0,4,Simultaneous
372,21.02,3,Simultaneous
372,23.11,2,Simultaneous
372,91.77,2,Simultaneous
372,12.42,2,Conflict
372,36.56,4,Conflict
372,45.31,2,Conflict
372,50.8,2,Conflict
372,59.56,2,Conflict
372,62.2,2,Conflict
372,67.41,3,Conflict
372,69.75,3,Conflict
372,93.86,2,Conflict
373,0.0,4,Simultaneous
373,11.65,4,Simultaneous
373,14.71,2,Simultaneous
373,53.69,2,Simultaneous
373,20.03,2,Conflict
373,56.61,3,Conflict
374,0.0,4,Simultaneous
374,12.06,2,Simultaneous
374,26.89,2,Simultaneous
374,36.37,2,Simultaneous
374,56.01,2,Simultaneous
374,59.03,3,Simultaneous
374,72.48,3,Simultaneous
374,89.6,2,Simultaneous
374,44.14,2,Conflict
374,58.05,3,Conflict
374,76.14,3,Conflict
375,0.0,4,Simultaneous
375,63.62,2,Simultaneous
375,82.01,2,Simultaneous
375,93.65,4,Simultaneous
375,1.03,2,Conflict
375,3.05,2,Conflict
375,93.77,3,Conflict
376,0.0,4,Simultaneous
376,50.56,3,Simultaneous
376,73.89,4,Simultaneous
376,97.74,3,Simultaneous
376,4.57,3,Conflict
376,19.97,3,Conflict
376,49.47,3,Conflict
376,58.26,3,Conflict
376,60.29,2,Conflict
376,72.78,2,Conflict
377,0.0,4,Simultaneous
377,19.92,3,Simultaneous
377,50.56,4,Simultaneous
377,70.35,2,Simultaneous
377,70.81,2,Simultaneous
377,98.36,2,Simultaneous
377,25.04,3,Conflict
377,41.33,2,Conflict
377,73.39,2,Conflict
377,85.65,3,Conflict
378,0.0,4,Simultaneous
378,15.47,2,Simultaneous
378,30.59,2,Simultaneous
378,43.67,3,Simultaneous
378,65.4,2,Simultaneous
378,90.95,3,Simultaneous
378,24.1,2,Conflict
378,96.52,3,Conflict
379,0.0,4,Simultaneous
379,23.11,2,Simultaneous
379,72.54,2,Simultaneous
379,92.51,3,Simultaneous
379,3.74,2,Conflict
379,78.09,2,Conflict
379,86.86,2,Conflict
379,89.6,2,Conflict
380,0.0,4,Simultaneous
380,4.68,2,Simultaneous
380,43.25,4,Simultaneous
380,79.26,2,Simultaneous
380,30.74,3,Conflict
380,61.82,3,Conflict
380,63.82,2,Conflict
380,77.64,3,Conflict
381,0.0,4,Simultaneous
381,4.85,4,Simultaneous
381,5.7,4,Simultaneous
381,6.33,3,Simultaneous
381,36.02,2,Simultaneous
381,51.69,2,Simultaneous
381,2.0,2,Conflict
381,11.93,2,Conflict
381,14.36,3,Conflict
381,73.82,3,Conflict
381,84.0,3,Conflict
382,0.0,4,Simultaneous
382,1.88,2,Simultaneous
382,17.93,2,Simultaneous
382,98.67,2,Simultaneous
382,23.8,2,Conflict
382,49.55,2,Conflict
382,69.57,3,Conflict
382,82.94,2,Conflict
383,0.0,4,Simultaneous
383,52.98,2,Simultaneous
383,77.06,2,Simultaneous
383,78.31,3,Simultaneous
384,0.0,4,Simultaneous
384,5.71,2,Simultaneous
384,7.17,2,Simultaneous
384,52.51,4,Simultaneous
384,16.28,3,Conflict
385,0.0,4,Simultaneous
385,13.21,2,Simultaneous
385,13.5,3,Simultaneous
385,93.98,2,Simultaneous
385,48.37,2,Conflict
385,84.28,2,Conflict
386,0.0,4,Simultaneous
386,6.09,2,Simultaneous
386,75.06,3,Simultaneous
386,91.28,3,Simultaneous
386,4.68,2,Conflict
387,0.0,4,Simultaneous
387,41.78,2,Simultaneous
387,60.97,2,Simultaneous
387,66.35,3,Simultaneous
387,33.53,3,Conflict
387,38.69,4,Conflict
387,46.09,2,Conflict
388,0.0,4,Simultaneous
388,59.94,2,Simultaneous
388,66.34,2,Simultaneous
388,95.1,2,Simultaneous
388,0.88,2,Conflict
388,5.17,2,Conflict
388,48.25,3,Conflict
388,67.44,2,Conflict
388,69.0,3,Conflict
389,0.0,4,Simultaneous
389,6.7,3,Simultaneous
389,38.74,3,Simultaneous
389,61.47,2,Simultaneous
389,94.45,2,Conflict
390,0.0,4,Simultaneous
390,32.43,3,Simultaneous
390,70.52,2,Simultaneous
390,86.35,4,Simultaneous
390,3.73,4,Conflict
391,0.0,4,Simultaneous
391,2.19,2,Simultaneous
391,5.95,2,Simultaneous
391,12.54,2,Simultaneous
391,49.52,3,Simultaneous
391,61.21,3,Simultaneous
391,77.82,2,Simultaneous
391,16.04,4,Conflict
391,17.39,3,Conflict
391,23.1,3,Conflict
391,27.22,2,Conflict
391,30.88,4,Conflict
391,36.95,2,Conflict
391,43.25,2,Conflict
391,65.85,3,Conflict
391,86.89,3,Conflict
392,0.0,4,Simultaneous
392,79.62,3,Simultaneous
392,80.94,4,Simultaneous
392,91.37,3,Simultaneous
392,91.96,3,Conflict
393,0.0,4,Simultaneous
393,6.83,3,Simultaneous
393,62.65,2,Simultaneous
393,95.43,4,Simultaneous
393,1.14,2,Conflict
393,35.56,3,Conflict
393,57.9,2,Conflict
394,0.0,4,Simultaneous
394,7.77,2,Simultaneous
394,31.53,3,Simultaneous
394,51.64,2,Simultaneous
395,0.0,4,Simultaneous
395,12.31,3,Simultaneous
395,71.05,4,Simultaneous
395,94.2,2,Simultaneous
395,4.97,3,Conflict
395,26.6,2,Conflict
395,96.24,2,Conflict
396,0.0,4,Simultaneous
396,35.21,3,Simultaneous
396,37.15,2,Simultaneous
396,86.91,2,Simultaneous
396,46.42,2,Conflict
396,54.65,4,Conflict
397,0.0,4,Simultaneous
397,31.88,2,Simultaneous
397,60.91,4,Simultaneous
397,66.55,2,Simultaneous
397,67.71,3,Conflict
397,69.19,4,Conflict
397,76.1,2,Conflict
397,82.25,3,Conflict
398,0.0,4,Simultaneous
398,25.04,2,Simultaneous
398,52.12,3,Simultaneous
398,81.29,3,Simultaneous
398,6.17,2,Conflict
398,23.27,3,Conflict
398,50.31,3,Conflict
399,0.0,4,Simultaneous
399,25.06,3,Simultaneous
399,56.26,4,Simultaneous
399,75.36,2,Simultaneous
399,42.07,4,Conflict
399,80.64,3,Conflict
400,0.0,4,Simultaneous
400,24.42,4,Simultaneous
400,26.3,3,Simultaneous
400,40.12,2,Simultaneous
400,48.66,2,Simultaneous
400,58.78,3,Simultaneous
400,25.42,2,Conflict
400,30.34,2,Conflict
400,33.86,2,Conflict
400,52.55,2,Conflict
400,54.34,3,Conflict
400,58.21,4,Conflict
400,64.72,2,Conflict
400,91.13,2,Conflict
401,0.0,4,Simultaneous
401,25.06,2,Simultaneous
401,34.06,2,Simultaneous
401,38.21,2,Simultaneous
401,39.04,3,Simultaneous
401,57.93,4,Simultaneous
401,47.82,2,Conflict
401,75.12,2,Conflict
401,90.23,2,Conflict
402,0.0,4,Simultaneous
402,2.62,2,Simultaneous
402,12.92,2,Simultaneous
402,47.77,4,Simultaneous
402,35.81,2,Conflict
403,0.0,4,Simultaneous
403,23.85,2,Simultaneous
403,42.17,2,Simultaneous
403,52.58,3,Simultaneous
403,22.22,3,Conflict
403,47.77,2,Conflict
404,0.0,4,Simultaneous
404,35.28,3,Simultaneous
404,48.46,2,Simultaneous
404,80.36,3,Simultaneous
405,0.0,4,Simultaneous
405,4.24,2,Simultaneous
405,50.95,2,Simultaneous
405,56.56,3,Simultaneous
405,64.92,3,Simultaneous
405,79.11,2,Simultaneous
405,27.28,2,Conflict
405,38.87,2,Conflict
406,0.0,4,Simultaneous
406,31.97,2,Simultaneous
406,78.19,3,Simultaneous
406,84.88,3,Simultaneous
406,23.85,2,Conflict
406,51.72,2,Conflict
407,0.0,4,Simultaneous
407,25.21,2,Simultaneous
407,62.15,4,Simultaneous
407,90.3,2,Simultaneous
407,15.12,2,Conflict
407,24.37,4,Conflict
407,30.11,3,Conflict
408,0.0,4,Simultaneous
408,30.33,2,Simultaneous
408,42.7,3,Simultaneous
408,95.17,2,Simultaneous
408,30.99,2,Conflict
408,38.77,2,Conflict
408,54.26,2,Conflict
409,0.0,4,Simultaneous
409,31.95,3,Simultaneous
409,62.2,3,Simultaneous
409,71.47,2,Simultaneous
409,80.34,2,Simultaneous
409,97.19,2,Simultaneous
409,54.73,2,Conflict
410,0.0,4,Simultaneous
410,1.58,3,Simultaneous
410,9.69,2,Simultaneous
410,35.11,3,Simultaneous
410,2.93,4,Conflict
410,47.42,3,Conflict
410,54.06,2,Conflict
410,95.78,3,Conflict
411,0.0,4,Simultaneous
411,22.31,2,Simultaneous
411,41.4,2,Simultaneous
411,42.9,3,Simultaneous
411,64.76,2,Conflict
412,0.0,4,Simultaneous
412,29.08,3,Simultaneous
412,75.25,3,Simultaneous
412,96.38,3,Simultaneous
412,46.83,2,Conflict
412,48.87,2,Conflict
413,0.0,4,Simultaneous
413,20.35,2,Simultaneous
413,32.25,2,Simultaneous
413,92.51,2,Simultaneous
413,82.12,3,Conflict
414,0.0,4,Simultaneous
414,21.28,2,Simultaneous
414,26.14,3,Simultaneous
414,27.13,2,Simultaneous
414,29.98,3,Simultaneous
414,40.09,2,Simultaneous
414,41.71,3,Conflict
415,0.0,4,Simultaneous
415,16.07,2,Simultaneous
415,37.24,2,Simultaneous
415,39.23,3,Simultaneous
415,74.42,2,Simultaneous
415,76.47,2,Simultaneous
415,51.83,2,Conflict
416,0.0,4,Simultaneous
416,47.81,2,Simultaneous
416,59.57,2,Simultaneous
416,74.96,3,Simultaneous
416,41.81,4,Conflict
416,48.11,2,Conflict
416,76.7,2,Conflict
417,0.0,4,Simultaneous
417,19.99,2,Simultaneous
417,57.37,2,Simultaneous
417,63.78,3,Simultaneous
417,4.01,3,Conflict
417,12.64,2,Conflict
417,62.28,2,Conflict
418,0.0,4,Simultaneous
418,1.28,3,Simultaneous
418,3.84,3,Simultaneous
418,42.13,2,Simultaneous
418,68.94,4,Conflict
419,0.0,4,Simultaneous
419,9.32,3,Simultaneous
419,29.98,2,Simultaneous
419,55.87,2,Simultaneous
419,21.66,2,Conflict
419,44.95,3,Conflict
419,77.05,2,Conflict
419,83.61,2,Conflict
419,93.19,2,Conflict
419,93.33,2,Conflict
420,0.0,4,Simultaneous
420,81.28,3,Simultaneous
420,84.41,2,Simultaneous
420,87.84,3,Simultaneous
420,35.38,3,Conflict
420,87.14,3,Conflict
421,0.0,4,Simultaneous
421,6.51,2,Simultaneous
421,60.23,3,Simultaneous
421,77.39,3,Simultaneous
421,79.58,2,Simultaneous
421,98.85,2,Simultaneous
421,1.13,2,Conflict
421,22.93,3,Conflict
421,49.22,3,Conflict
421,52.05,2,Conflict
422,0.0,4,Simultaneous
422,60.56,2,Simultaneous
422,68.07,4,Simultaneous
422,74.67,3,Simultaneous
422,52.15,3,Conflict
422,61.16,2,Conflict
423,0.0,4,Simultaneous
423,9.2,4,Simultaneous
423,49.19,4,Simultaneous
423,54.89,2,Simultaneous
423,69.61,2,Simultaneous
423,79.58,2,Simultaneous
424,0.0,4,Simultaneous
424,6.17,2,Simultaneous
424,96.58,2,Simultaneous
424,98.28,2,Simultaneous
424,7.57,3,Conflict
424,86.71,3,Conflict
425,0.0,4,Simultaneous
425,38.37,2,Simultaneous
425,60.58,2,Simultaneous
425,78.07,3,Simultaneous
425,87.26,2,Conflict
426,0.0,4,Simultaneous
426,6.49,3,Simultaneous
426,55.9,2,Simultaneous
426,75.94,3,Simultaneous
426,40.62,2,Conflict
426,82.67,3,Conflict
427,0.0,4,Simultaneous
427,6.42,2,Simultaneous
427,18.89,3,Simultaneous
427,48.82,4,Simultaneous
427,16.28,2,Conflict
427,67.42,3,Conflict
428,0.0,4,Simultaneous
428,17.79,2,Simultaneous
428,80.54,2,Simultaneous
428,96.3,4,Simultaneous
428,2.89,3,Conflict
428,46.42,3,Conflict
428,98.05,2,Conflict
429,0.0,4,Simultaneous
429,9.84,2,Simultaneous
429,37.9,2,Simultaneous
429,37.98,2,Simultaneous
429,10.99,2,Conflict
429,28.2,3,Conflict
429,42.2,2,Conflict
429,46.66,2,Conflict
430,0.0,4,Simultaneous
430,23.83,2,Simultaneous
430,57.64,2,Simultaneous
430,92.81,3,Simultaneous
430,23.88,2,Conflict
430,60.91,2,Conflict
431,0.0,4,Simultaneous
431,16.85,4,Simultaneous
431,24.29,3,Simultaneous
431,90.89,3,Simultaneous
431,96.13,2,Conflict
432,0.0,4,Simultaneous
432,21.04,2,Simultaneous
432,40.07,2,Simultaneous
432,87.92,2,Simultaneous
432,0.7,2,Conflict
432,89.85,3,Conflict
433,0.0,4,Simultaneous
433,35.06,3,Simultaneous
433,72.18,2,Simultaneous
433,77.5,2,Simultaneous
433,2.55,2,Conflict
433,33.49,2,Conflict
433,69.7,2,Conflict
433,79.97,3,Conflict
434,0.0,4,Simultaneous
434,37.16,2,Simultaneous
434,38.82,3,Simultaneous
434,59.56,4,Simultaneous
434,52.5,2,Conflict
434,86.67,4,Conflict
435,0.0,4,Simultaneous
435,38.35,3,Simultaneous
435,48.32,2,Simultaneous
435,57.2,3,Simultaneous
435,67.87,2,Simultaneous
435,80.4,2,Simultaneous
435,17.88,3,Conflict
436,0.0,4,Simultaneous
436,3.41,3,Simultaneous
436,23.74,3,Simultaneous
436,72.6,3,Simultaneous
436,9.99,2,Conflict
436,10.86,2,Conflict
437,0.0,4,Simultaneous
437,33.82,2,Simultaneous
437,70.78,2,Simultaneous
437,70.82,4,Simultaneous
437,4.44,2,Conflict
437,20.27,2,Conflict
437,63.69,2,Conflict
437,63.95,2,Conflict
437,99.25,3,Conflict
438,0.0,4,Simultaneous
438,30.08,2,Simultaneous
438,88.23,2,Simultaneous
438,97.48,2,Simultaneous
438,8.48,3,Conflict
438,62.2,2,Conflict
438,65.87,3,Conflict
438,67.73,3,Conflict
438,80.2,2,Conflict
438,96.6,2,Conflict
439,0.0,4,Simultaneous
439,25.55,4,Simultaneous
439,29.49,3,Simultaneous
439,66.11,2,Simultaneous
439,15.29,2,Conflict
439,64.73,2,Conflict
440,0.0,4,Simultaneous
440,2.25,2,Simultaneous
440,56.01,2,Simultaneous
440,84.99,2,Simultaneous
440,71.45,2,Conflict
440,86.24,3,Conflict
441,0.0,4,Simultaneous
441,5.86,2,Simultaneous
441,6.17,3,Simultaneous
441,25.13,2,Simultaneous
441,67.81,2,Simultaneous
441,81.54,2,Simultaneous
441,16.02,3,Conflict
441,64.27,3,Conflict
441,64.76,4,Conflict
442,0.0,4,Simultaneous
442,35.92,3,Simultaneous
442,78.84,3,Simultaneous
442,86.05,3,Simultaneous
442,5.62,2,Conflict
442,48.66,2,Conflict
442,78.1,4,Conflict
443,0.0,4,Simultaneous
443,32.86,2,Simultaneous
443,44.83,2,Simultaneous
443,72.95,3,Simultaneous
443,62.0,4,Conflict
443,90.29,2,Conflict
444,0.0,4,Simultaneous
444,35.32,4,Simultaneous
444,50.84,3,Simultaneous
444,61.79,2,Simultaneous
444,75.4,2,Conflict
444,82.42,3,Conflict
445,0.0,4,Simultaneous
445,6.69,2,Simultaneous
445,10.01,2,Simultaneous
445,47.38,2,Simultaneous
445,21.88,2,Conflict
446,0.0,4,Simultaneous
446,64.26,3,Simultaneous
446,67.73,2,Simultaneous
446,76.12,3,Simultaneous
446,18.31,4,Conflict
446,50.56,3,Conflict
446,98.66,4,Conflict
446,99.33,2,Conflict
447,0.0,4,Simultaneous
447,13.12,2,Simultaneous
447,23.25,3,Simultaneous
447,46.2,3,Simultaneous
447,54.65,3,Conflict
447,84.54,2,Conflict
448,0.0,4,Simultaneous
448,83.89,2,Simultaneous
448,88.67,2,Simultaneous
448,96.34,4,Simultaneous
448,59.55,2,Conflict
448,97.15,2,Conflict
449,0.0,4,Simultaneous
449,12.15,3,Simultaneous
449,23.31,4,Simultaneous
449,37.56,3,Simultaneous
449,10.59,2,Conflict
449,42.12,2,Conflict
449,57.64,2,Conflict
450,0.0,4,Simultaneous
450,77.06,2,Simultaneous
450,80.38,2,Simultaneous
450,82.28,3,Simultaneous
450,72.54,2,Conflict
450,91.18,4,Conflict
451,0.0,4,Simultaneous
451,2.67,3,Simultaneous
451,27.22,3,Simultaneous
451,36.2,4,Simultaneous
451,24.11,3,Conflict
451,41.26,2,Conflict
452,0.0,4,Simultaneous
452,74.52,2,Simultaneous
452,76.22,2,Simultaneous
452,98.13,3,Simultaneous
452,43.03,3,Conflict
453,0.0,4,Simultaneous
453,53.58,2,Simultaneous
453,85.29,2,Simultaneous
453,89.73,2,Simultaneous
454,0.0,4,Simultaneous
454,59.04,3,Simultaneous
454,65.83,3,Simultaneous
454,80.04,3,Simultaneous
454,51.74,2,Conflict
454,59.27,3,Conflict
454,73.39,2,Conflict
455,0.0,4,Simultaneous
455,31.13,3,Simultaneous
455,92.31,2,Simultaneous
455,95.78,2,Simultaneous
455,42.7,2,Conflict
456,0.0,4,Simultaneous
456,37.58,3,Simultaneous
456,40.48,4,Simultaneous
456,78.45,2,Simultaneous
456,34.59,2,Conflict
456,70.25,3,Conflict
456,73.55,4,Conflict
457,0.0,4,Simultaneous
457,1.95,2,Simultaneous
457,48.71,3,Simultaneous
457,79.43,2,Simultaneous
458,0.0,4,Simultaneous
458,42.03,3,Simultaneous
458,65.84,2,Simultaneous
458,74.12,2,Simultaneous
458,31.52,2,Conflict
458,61.25,2,Conflict
459,0.0,4,Simultaneous
459,52.05,3,Simultaneous
459,68.79,3,Simultaneous
459,79.58,2,Simultaneous
460,0.0,4,Simultaneous
460,21.3,2,Simultaneous
460,38.69,3,Simultaneous
460,68.18,2,Simultaneous
460,50.86,2,Conflict
460,61.9,3,Conflict
460,99.65,2,Conflict
461,0.0,4,Simultaneous
461,67.46,4,Simultaneous
461,77.23,2,Simultaneous
461,81.82,2,Simultaneous
461,1.58,2,Conflict
461,38.98,2,Conflict
461,91.77,3,Conflict
461,96.34,3,Conflict
462,0.0,4,Simultaneous
462,50.94,2,Simultaneous
462,52.38,2,Simultaneous
462,78.35,3,Simultaneous
462,49.51,2,Conflict
463,0.0,4,Simultaneous
463,16.86,2,Simultaneous
463,24.07,2,Simultaneous
463,56.7,2,Simultaneous
463,9.6,2,Conflict
463,38.21,4,Conflict
463,91.88,4,Conflict
463,97.6,2,Conflict
464,0.0,4,Simultaneous
464,58.27,3,Simultaneous
464,95.05,2,Simultaneous
464,97.35,3,Simultaneous
464,78.84,2,Conflict
465,0.0,4,Simultaneous
465,42.17,3,Simultaneous
465,59.72,3,Simultaneous
465,64.27,2,Simultaneous
465,64.35,2,Conflict
466,0.0,4,Simultaneous
466,27.42,3,Simultaneous
466,52.25,3,Simultaneous
466,89.11,2,Simultaneous
466,13.4,2,Conflict
466,13.61,4,Conflict
466,19.42,2,Conflict
466,41.11,4,Conflict
467,0.0,4,Simultaneous
467,6.99,2,Simultaneous
467,18.13,3,Simultaneous
467,26.49,2,Simultaneous
467,74.49,3,Simultaneous
467,93.63,3,Simultaneous
468,0.0,4,Simultaneous
468,82.98,3,Simultaneous
468,85.29,2,Simultaneous
468,93.94,3,Simultaneous
469,0.0,4,Simultaneous
469,59.52,2,Simultaneous
469,70.91,3,Simultaneous
469,81.06,3,Simultaneous
469,87.96,2,Simultaneous
469,96.28,3,Simultaneous
469,21.66,3,Conflict
470,0.0,4,Simultaneous
470,25.37,2,Simultaneous
470,64.26,2,Simultaneous
470,89.85,3,Simultaneous
470,5.75,2,Conflict
470,8.74,3,Conflict
470,29.95,2,Conflict
470,33.99,3,Conflict
470,39.83,2,Conflict
470,44.87,2,Conflict
470,46.53,2,Conflict
470,60.02,3,Conflict
470,68.49,3,Conflict
471,0.0,4,Simultaneous
471,20.75,2,Simultaneous
471,42.01,4,Simultaneous
471,98.7,2,Simultaneous
471,11.03,3,Conflict
471,42.55,4,Conflict
471,60.99,4,Conflict
471,61.03,2,Conflict
471,91.79,2,Conflict
472,0.0,4,Simultaneous
472,3.8,2,Simultaneous
472,12.32,3,Simultaneous
472,81.27,3,Simultaneous
472,73.92,2,Conflict
472,84.69,2,Conflict
473,0.0,4,Simultaneous
473,30.22,2,Simultaneous
473,71.41,2,Simultaneous
473,74.73,2,Simultaneous
474,0.0,4,Simultaneous
474,21.83,3,Simultaneous
474,28.1,2,Simultaneous
474,63.41,2,Simultaneous
475,0.0,4,Simultaneous
475,38.05,4,Simultaneous
475,77.34,3,Simultaneous
475,95.77,3,Simultaneous
475,4.01,3,Conflict
475,81.18,2,Conflict
475,90.66,2,Conflict
476,0.0,4,Simultaneous
476,8.99,2,Simultaneous
476,32.55,3,Simultaneous
476,52.38,2,Simultaneous
476,64.54,4,Simultaneous
476,83.45,2,Simultaneous
476,26.14,2,Conflict
476,27.59,2,Conflict
476,51.8,2,Conflict
477,0.0,4,Simultaneous
477,52.2,2,Simultaneous
477,69.25,2,Simultaneous
477,92.11,2,Simultaneous
477,61.2,3,Conflict
477,90.75,2,Conflict
477,93.94,3,Conflict
478,0.0,4,Simultaneous
478,3.97,2,Simultaneous
478,24.53,2,Simultaneous
478,31.53,2,Simultaneous
478,6.65,2,Conflict
478,30.99,3,Conflict
478,60.06,2,Conflict
478,81.64,2,Conflict
479,0.0,4,Simultaneous
479,65.05,3,Simultaneous
479,81.53,2,Simultaneous
479,85.3,3,Simultaneous
480,0.0,4,Simultaneous
480,24.43,3,Simultaneous
480,58.45,3,Simultaneous
480,74.96,3,Simultaneous
480,6.42,4,Conflict
480,22.92,2,Conflict
480,24.73,2,Conflict
480,52.08,2,Conflict
480,54.77,3,Conflict
480,74.87,2,Conflict
480,77.46,2,Conflict
481,0.0,4,Simultaneous
481,55.59,2,Simultaneous
481,80.79,2,Simultaneous
481,90.66,2,Simultaneous
482,0.0,4,Simultaneous
482,39.4,2,Simultaneous
482,45.75,4,Simultaneous
482,56.88,2,Simultaneous
482,17.15,2,Conflict
482,66.54,2,Conflict
483,0.0,4,Simultaneous
483,3.58,3,Simultaneous
483,71.55,3,Simultaneous
483,81.87,3,Simultaneous
483,7.98,2,Conflict
484,0.0,4,Simultaneous
484,44.58,3,Simultaneous
484,76.2,2,Simultaneous
484,94.5,4,Simultaneous
484,67.31,2,Conflict
485,0.0,4,Simultaneous
485,17.39,3,Simultaneous
485,64.36,2,Simultaneous
485,80.79,2,Simultaneous
486,0.0,4,Simultaneous
486,87.22,3,Simultaneous
486,93.49,2,Simultaneous
486,99.67,2,Simultaneous
486,95.17,3,Conflict
487,0.0,4,Simultaneous
487,15.79,2,Simultaneous
487,25.24,2,Simultaneous
487,55.74,3,Simultaneous
487,68.07,4,Conflict
488,0.0,4,Simultaneous
488,4.49,3,Simultaneous
488,25.46,2,Simultaneous
488,29.1,2,Simultaneous
488,41.36,2,Conflict
489,0.0,4,Simultaneous
489,63.6,2,Simultaneous
489,66.81,2,Simultaneous
489,98.67,4,Simultaneous
489,16.02,4,Conflict
490,0.0,4,Simultaneous
490,12.69,3,Simultaneous
490,17.4,2,Simultaneous
490,49.67,2,Simultaneous
490,96.9,2,Conflict
491,0.0,4,Simultaneous
491,25.21,2,Simultaneous
491,30.08,2,Simultaneous
491,40.45,2,Simultaneous
491,6.09,3,Conflict
491,12.76,4,Conflict
491,30.98,2,Conflict
491,36.43,3,Conflict
492,0.0,4,Simultaneous
492,42.03,3,Simultaneous
492,54.34,3,Simultaneous
492,87.13,2,Simultaneous
493,0.0,4,Simultaneous
493,18.85,2,Simultaneous
493,23.76,2,Simultaneous
493,73.05,2,Simultaneous
493,18.34,2,Conflict
494,0.0,4,Simultaneous
494,48.67,2,Simultaneous
494,53.48,2,Simultaneous
494,55.34,2,Simultaneous
494,11.83,2,Conflict
494,31.07,3,Conflict
494,87.65,3,Conflict
495,0.0,4,Simultaneous
495,31.88,2,Simultaneous
495,33.75,2,Simultaneous
495,66.35,2,Simultaneous
495,12.29,2,Conflict
495,45.9,3,Conflict
495,68.38,2,Conflict
495,69.71,3,Conflict
495,77.58,2,Conflict
496,0.0,4,Simultaneous
496,13.44,3,Simultaneous
496,20.9,3,Simultaneous
496,97.49,2,Simultaneous
496,7.84,2,Conflict
496,78.3,2,Conflict
496,93.42,2,Conflict
497,0.0,4,Simultaneous
497,30.66,2,Simultaneous
497,42.93,3,Simultaneous
497,59.85,2,Simultaneous
498,0.0,4,Simultaneous
498,9.84,2,Simultaneous
498,13.58,3,Simultaneous
498,34.46,2,Simultaneous
499,0.0,4,Simultaneous
499,8.99,2,Simultaneous
499,76.0,2,Simultaneous
499,79.36,2,Simultaneous
499,21.54,2,Conflict
499,84.57,2,Conflict
499,96.43,2,Conflict
500,0.0,4,Simultaneous
500,7.43,4,Simultaneous
500,25.46,2,Simultaneous
500,82.73,2,Simultaneous
500,21.03,3,Conflict
500,32.69,2,Conflict
500,77.28,2,Conflict
501,0.0,4,Simultaneous
501,13.78,2,Simultaneous
501,53.94,4,Simultaneous
501,67.4,2,Simultaneous
502,0.0,4,Simultaneous
502,16.64,4,Simultaneous
502,25.68,3,Simultaneous
502,47.95,2,Simultaneous
502,34.14,2,Conflict
502,40.81,3,Conflict
503,0.0,4,Simultaneous
503,53.63,2,Simultaneous
503,65.85,3,Simultaneous
503,85.0,3,Simultaneous
503,23.31,2,Conflict
503,37.19,2,Conflict
503,38.74,2,Conflict
503,58.55,3,Conflict
504,0.0,4,Simultaneous
504,21.7,2,Simultaneous
504,92.51,4,Simultaneous
504,94.53,2,Simultaneous
504,11.56,3,Conflict
504,23.38,2,Conflict
504,55.74,2,Conflict
504,80.92,2,Conflict
504,98.49,2,Conflict
505,0.0,4,Simultaneous
505,28.45,2,Simultaneous
505,59.74,4,Simultaneous
505,92.12,2,Simultaneous
505,75.02,3,Conflict
506,0.0,4,Simultaneous
506,88.31,2,Simultaneous
506,92.59,3,Simultaneous
506,93.21,3,Simultaneous
506,34.86,4,Conflict
506,37.74,3,Conflict
506,45.67,2,Conflict
506,59.92,2,Conflict
506,80.55,2,Conflict
506,99.39,2,Conflict
507,0.0,4,Simultaneous
507,3.64,2,Simultaneous
507,41.33,2,Simultaneous
507,75.79,2,Simultaneous
507,63.81,3,Conflict
508,0.0,4,Simultaneous
508,54.58,2,Simultaneous
508,55.61,2,Simultaneous
508,66.66,4,Simultaneous
508,41.05,2,Conflict
509,0.0,4,Simultaneous
509,41.14,2,Simultaneous
509,63.55,3,Simultaneous
509,76.27,2,Simultaneous
509,19.42,2,Conflict
509,34.14,3,Conflict
509,84.99,2,Conflict
509,95.73,3,Conflict
509,99.7,2,Conflict
510,0.0,4,Simultaneous
510,41.23,3,Simultaneous
510,53.39,2,Simultaneous
510,81.84,3,Simultaneous
510,33.04,2,Conflict
510,38.63,2,Conflict
511,0.0,4,Simultaneous
511,46.64,2,Simultaneous
511,48.58,3,Simultaneous
511,77.39,2,Simultaneous
511,20.93,2,Conflict
511,83.61,3,Conflict
511,93.07,3,Conflict
512,0.0,4,Simultaneous
512,36.46,2,Simultaneous
512,37.94,2,Simultaneous
512,45.41,3,Simultaneous
512,51.41,3,Simultaneous
512,75.8,2,Simultaneous
512,18.89,3,Conflict
512,94.8,2,Conflict
513,0.0,4,Simultaneous
513,11.49,3,Simultaneous
513,65.05,3,Simultaneous
513,71.55,2,Simultaneous
513,49.88,3,Conflict
513,83.58,2,Conflict
513,99.57,2,Conflict
514,0.0,4,Simultaneous
514,17.3,2,Simultaneous
514,26.32,2,Simultaneous
514,60.39,3,Simultaneous
514,10.11,3,Conflict
514,33.03,2,Conflict
514,81.47,2,Conflict
515,0.0,4,Simultaneous
515,46.12,3,Simultaneous
515,51.51,3,Simultaneous
515,60.55,3,Simultaneous
515,12.22,3,Conflict
515,49.88,4,Conflict
515,62.58,2,Conflict
516,0.0,4,Simultaneous
516,3.05,3,Simultaneous
516,10.89,2,Simultaneous
516,15.84,3,Simultaneous
517,0.0,4,Simultaneous
517,20.56,3,Simultaneous
517,36.18,3,Simultaneous
517,67.27,3,Simultaneous
517,13.69,2,Conflict
517,23.74,2,Conflict
517,39.55,3,Conflict
517,58.3,3,Conflict
518,0.0,4,Simultaneous
518,24.58,3,Simultaneous
518,31.13,2,Simultaneous
518,67.74,4,Simultaneous
518,3.63,2,Conflict
518,7.11,4,Conflict
518,31.52,2,Conflict
518,70.92,3,Conflict
518,84.53,3,Conflict
518,85.72,2,Conflict
518,99.26,2,Conflict
519,0.0,4,Simultaneous
519,3.14,3,Simultaneous
519,18.12,3,Simultaneous
519,77.05,2,Simultaneous
519,86.74,2,Conflict
520,0.0,4,Simultaneous
520,32.22,2,Simultaneous
520,63.81,3,Simultaneous
520,98.41,2,Simultaneous
520,60.02,2,Conflict
521,0.0,4,Simultaneous
521,1.4,2,Simultaneous
521,14.5,2,Simultaneous
521,17.9,2,Simultaneous
521,33.36,4,Simultaneous
521,67.93,2,Simultaneous
521,73.16,3,Simultaneous
521,96.97,3,Simultaneous
521,17.3,2,Conflict
521,39.55,2,Conflict
521,45.67,4,Conflict
522,0.0,4,Simultaneous
522,42.81,3,Simultaneous
522,55.18,3,Simultaneous
522,84.07,3,Simultaneous
522,21.28,3,Conflict
523,0.0,4,Simultaneous
523,15.1,2,Simultaneous
523,40.5,2,Simultaneous
523,53.57,2,Simultaneous
523,32.63,2,Conflict
523,70.92,3,Conflict
523,81.28,2,Conflict
524,0.0,4,Simultaneous
524,5.44,3,Simultaneous
524,40.57,2,Simultaneous
524,86.03,2,Simultaneous
524,21.59,2,Conflict
524,25.91,3,Conflict
524,80.38,2,Conflict
524,86.37,2,Conflict
524,92.59,2,Conflict
525,0.0,4,Simultaneous
525,34.86,2,Simultaneous
525,46.11,3,Simultaneous
525,86.67,2,Simultaneous
525,70.78,2,Conflict
526,0.0,4,Simultaneous
526,50.99,3,Simultaneous
526,97.85,3,Simultaneous
526,99.56,3,Simultaneous
526,58.52,2,Conflict
527,0.0,4,Simultaneous
527,13.58,3,Simultaneous
527,20.77,3,Simultaneous
527,31.53,2,Simultaneous
527,40.02,2,Conflict
528,0.0,4,Simultaneous
528,43.34,4,Simultaneous
528,71.78,3,Simultaneous
528,89.85,2,Simultaneous
529,0.0,4,Simultaneous
529,50.52,3,Simultaneous
529,52.15,2,Simultaneous
529,82.97,4,Simultaneous
529,29.67,3,Conflict
529,35.39,2,Conflict
529,55.74,2,Conflict
529,65.45,2,Conflict
529,75.11,2,Conflict
529,83.34,2,Conflict
529,84.99,3,Conflict
530,0.0,4,Simultaneous
530,6.17,3,Simultaneous
530,66.47,2,Simultaneous
530,84.17,3,Simultaneous
530,14.69,2,Conflict
530,66.04,4,Conflict
530,87.98,2,Conflict
530,89.73,2,Conflict
531,0.0,4,Simultaneous
531,20.32,3,Simultaneous
531,42.13,3,Simultaneous
531,96.42,2,Simultaneous
532,0.0,4,Simultaneous
532,1.58,4,Simultaneous
532,4.88,2,Simultaneous
532,90.34,2,Simultaneous
532,28.1,3,Conflict
532,68.27,2,Conflict
532,80.02,3,Conflict
533,0.0,4,Simultaneous
533,5.66,2,Simultaneous
533,27.35,3,Simultaneous
533,96.72,2,Simultaneous
533,57.37,4,Conflict
533,89.91,2,Conflict
534,0.0,4,Simultaneous
534,21.91,3,Simultaneous
534,24.45,2,Simultaneous
534,43.67,3,Simultaneous
534,73.33,2,Conflict
534,81.51,2,Conflict
534,84.28,3,Conflict
534,89.46,4,Conflict
535,0.0,4,Simultaneous
535,12.38,3,Simultaneous
535,30.08,3,Simultaneous
535,63.33,3,Simultaneous
535,71.54,4,Conflict
535,90.97,2,Conflict
536,0.0,4,Simultaneous
536,12.64,2,Simultaneous
536,49.63,3,Simultaneous
536,80.92,3,Simultaneous
537,0.0,4,Simultaneous
537,17.24,4,Simultaneous
537,43.41,3,Simultaneous
537,77.13,3,Simultaneous
537,27.73,2,Conflict
537,43.0,3,Conflict
538,0.0,4,Simultaneous
538,7.11,4,Simultaneous
538,40.18,3,Simultaneous
538,84.77,4,Simultaneous
539,0.0,4,Simultaneous
539,5.95,2,Simultaneous
539,18.96,3,Simultaneous
539,57.6,2,Simultaneous
539,49.77,2,Conflict
539,53.63,2,Conflict
539,65.59,2,Conflict
540,0.0,4,Simultaneous
540,39.9,2,Simultaneous
540,49.51,2,Simultaneous
540,96.95,2,Simultaneous
540,28.22,2,Conflict
540,45.3,2,Conflict
540,59.53,3,Conflict
540,95.65,2,Conflict
541,0.0,4,Simultaneous
541,7.37,3,Simultaneous
541,30.88,3,Simultaneous
541,35.56,3,Simultaneous
541,25.6,2,Conflict
541,96.9,2,Conflict
542,0.0,4,Simultaneous
542,12.48,2,Simultaneous
542,48.98,2,Simultaneous
542,52.26,2,Simultaneous
542,16.04,2,Conflict
542,27.69,4,Conflict
542,63.94,2,Conflict
542,99.78,4,Conflict
543,0.0,4,Simultaneous
543,30.58,2,Simultaneous
543,35.56,2,Simultaneous
543,62.53,3,Simultaneous
543,47.77,3,Conflict
544,0.0,4,Simultaneous
544,9.16,2,Simultaneous
544,36.8,2,Simultaneous
544,59.45,4,Simultaneous
544,12.26,2,Conflict
544,15.63,3,Conflict
544,68.54,3,Conflict
544,78.42,2,Conflict
545,0.0,4,Simultaneous
545,18.43,2,Simultaneous
545,30.58,2,Simultaneous
545,50.87,3,Simultaneous
545,19.98,2,Conflict
545,35.79,4,Conflict
546,0.0,4,Simultaneous
546,7.12,3,Simultaneous
546,35.87,2,Simultaneous
546,37.49,2,Simultaneous
546,43.18,2,Conflict
546,77.75,3,Conflict
546,98.36,2,Conflict
547,0.0,4,Simultaneous
547,7.87,2,Simultaneous
547,27.94,2,Simultaneous
547,29.9,2,Simultaneous
547,1.02,3,Conflict
547,24.07,3,Conflict
547,49.49,2,Conflict
547,67.9,2,Conflict
547,95.25,3,Conflict
548,0.0,4,Simultaneous
548,40.73,3,Simultaneous
548,62.59,2,Simultaneous
548,63.42,3,Simultaneous
548,51.19,2,Conflict
548,55.31,3,Conflict
549,0.0,4,Simultaneous
549,29.28,3,Simultaneous
549,37.77,3,Simultaneous
549,49.84,2,Simultaneous
549,2.91,2,Conflict
549,32.46,4,Conflict
549,41.4,2,Conflict
549,99.12,2,Conflict
550,0.0,4,Simultaneous
550,30.34,3,Simultaneous
550,60.95,2,Simultaneous
550,68.01,2,Simultaneous
550,6.23,3,Conflict
550,33.47,2,Conflict
550,44.95,3,Conflict
551,0.0,4,Simultaneous
551,50.59,2,Simultaneous
551,62.26,2,Simultaneous
551,73.4,4,Simultaneous
551,25.06,2,Conflict
551,74.93,2,Conflict
551,94.2,2,Conflict
552,0.0,4,Simultaneous
552,36.74,2,Simultaneous
552,39.92,2,Simultaneous
552,44.36,3,Simultaneous
552,70.65,3,Simultaneous
552,89.91,3,Simultaneous
552,14.73,2,Conflict
552,26.17,2,Conflict
552,89.54,3,Conflict
553,0.0,4,Simultaneous
553,28.43,2,Simultaneous
553,38.29,2,Simultaneous
553,80.25,2,Simultaneous
553,9.23,2,Conflict
553,58.04,2,Conflict
553,91.13,2,Conflict
554,0.0,4,Simultaneous
554,2.33,2,Simultaneous
554,23.04,4,Simultaneous
554,64.41,3,Simultaneous
554,99.73,4,Conflict
555,0.0,4,Simultaneous
555,3.53,2,Simultaneous
555,11.54,4,Simultaneous
555,26.35,3,Simultaneous
555,72.37,2,Conflict
556,0.0,4,Simultaneous
556,38.22,2,Simultaneous
556,56.8,2,Simultaneous
556,83.37,4,Simultaneous
556,14.44,2,Conflict
556,34.32,3,Conflict
556,63.82,4,Conflict
556,87.14,3,Conflict
557,0.0,4,Simultaneous
557,4.41,3,Simultaneous
557,30.74,2,Simultaneous
557,42.07,2,Simultaneous
557,62.13,3,Conflict
557,67.87,2,Conflict
557,92.68,3,Conflict
558,0.0,4,Simultaneous
558,23.74,3,Simultaneous
558,33.84,3,Simultaneous
558,58.76,4,Simultaneous
558,25.46,2,Conflict
558,76.27,2,Conflict
559,0.0,4,Simultaneous
559,1.58,3,Simultaneous
559,38.35,3,Simultaneous
559,95.78,4,Simultaneous
559,12.38,4,Conflict
559,34.51,2,Conflict
559,57.15,2,Conflict
559,76.06,3,Conflict
559,79.86,2,Conflict
560,0.0,4,Simultaneous
560,25.47,4,Simultaneous
560,70.87,3,Simultaneous
560,94.74,2,Simultaneous
560,74.08,4,Conflict
560,85.13,2,Conflict
560,98.42,2,Conflict
561,0.0,4,Simultaneous
561,22.18,3,Simultaneous
561,37.19,2,Simultaneous
561,92.85,3,Simultaneous
561,66.04,2,Conflict
561,66.37,2,Conflict
561,81.77,3,Conflict
562,0.0,4,Simultaneous
562,42.9,2,Simultaneous
562,76.87,2,Simultaneous
562,96.62,2,Simultaneous
562,7.23,2,Conflict
562,22.99,2,Conflict
562,23.25,2,Conflict
562,50.83,3,Conflict
563,0.0,4,Simultaneous
563,7.0,2,Simultaneous
563,38.4,2,Simultaneous
563,43.56,2,Simultaneous
563,0.63,2,Conflict
563,22.45,2,Conflict
564,0.0,4,Simultaneous
564,40.32,2,Simultaneous
564,56.06,4,Simultaneous
564,84.59,3,Simultaneous
564,11.11,2,Conflict
564,47.68,3,Conflict
564,70.83,2,Conflict
565,0.0,4,Simultaneous
565,21.86,2,Simultaneous
565,44.05,3,Simultaneous
565,54.42,3,Simultaneous
565,59.56,3,Simultaneous
565,99.67,3,Simultaneous
565,12.87,2,Conflict
565,16.61,2,Conflict
565,62.13,3,Conflict
565,74.4,3,Conflict
565,77.66,3,Conflict
566,0.0,4,Simultaneous
566,13.27,3,Simultaneous
566,35.78,3,Simultaneous
566,55.57,3,Simultaneous
567,0.0,4,Simultaneous
567,56.97,2,Simultaneous
567,66.82,3,Simultaneous
567,83.22,2,Simultaneous
567,8.57,4,Conflict
567,96.26,2,Conflict
568,0.0,4,Simultaneous
568,17.93,3,Simultaneous
568,79.89,2,Simultaneous
568,83.34,3,Simultaneous
568,53.48,2,Conflict
569,0.0,4,Simultaneous
569,69.87,2,Simultaneous
569,74.52,3,Simultaneous
569,77.21,4,Simultaneous
569,12.26,4,Conflict
569,17.11,3,Conflict
569,21.47,3,Conflict
569,27.51,3,Conflict
569,79.26,3,Conflict
569,81.39,2,Conflict
569,85.83,3,Conflict
570,0.0,4,Simultaneous
570,19.02,2,Simultaneous
570,81.06,2,Simultaneous
570,82.84,2,Simultaneous
570,86.8,2,Simultaneous
570,98.67,2,Simultaneous
570,66.47,4,Conflict
571,0.0,4,Simultaneous
571,10.26,3,Simultaneous
571,89.31,3,Simultaneous
571,98.01,3,Simultaneous
571,35.49,4,Conflict
571,40.99,3,Conflict
571,52.39,3,Conflict
571,79.73,3,Conflict
571,79.89,4,Conflict
572,0.0,4,Simultaneous
572,46.12,3,Simultaneous
572,54.32,2,Simultaneous
572,73.22,2,Simultaneous
572,55.29,3,Conflict
572,84.67,2,Conflict
573,0.0,4,Simultaneous
573,4.64,2,Simultaneous
573,13.83,2,Simultaneous
573,15.57,2,Simultaneous
573,69.19,2,Simultaneous
573,87.35,2,Simultaneous
573,97.49,2,Conflict
574,0.0,4,Simultaneous
574,62.96,4,Simultaneous
574,81.38,3,Simultaneous
574,85.83,3,Simultaneous
574,2.0,3,Conflict
574,50.97,3,Conflict
575,0.0,4,Simultaneous
575,7.51,3,Simultaneous
575,40.17,3,Simultaneous
575,75.64,2,Simultaneous
575,23.58,3,Conflict
576,0.0,4,Simultaneous
576,62.14,4,Simultaneous
576,69.52,2,Simultaneous
576,92.12,2,Simultaneous
576,2.33,2,Conflict
576,77.28,3,Conflict
576,86.35,3,Conflict
577,0.0,4,Simultaneous
577,30.82,3,Simultaneous
577,47.38,3,Simultaneous
577,48.64,3,Simultaneous
577,24.07,4,Conflict
578,0.0,4,Simultaneous
578,22.44,4,Simultaneous
578,35.14,2,Simultaneous
578,76.7,2,Simultaneous
578,28.58,2,Conflict
578,49.51,2,Conflict
578,65.59,2,Conflict
578,66.93,2,Conflict
578,80.27,3,Conflict
578,92.75,2,Conflict
579,0.0,4,Simultaneous
579,8.93,2,Simultaneous
579,30.33,3,Simultaneous
579,86.29,3,Simultaneous
580,0.0,4,Simultaneous
580,15.03,4,Simultaneous
580,15.43,2,Simultaneous
580,90.66,2,Simultaneous
581,0.0,4,Simultaneous
581,28.84,2,Simultaneous
581,51.8,3,Simultaneous
581,84.92,2,Simultaneous
581,17.58,3,Conflict
582,0.0,4,Simultaneous
582,54.65,4,Simultaneous
582,60.31,3,Simultaneous
582,74.12,3,Simultaneous
582,42.07,2,Conflict
582,69.75,2,Conflict
582,74.36,3,Conflict
583,0.0,4,Simultaneous
583,18.21,2,Simultaneous
583,24.07,2,Simultaneous
583,44.81,2,Simultaneous
583,9.75,2,Conflict
583,46.36,2,Conflict
583,48.77,2,Conflict
583,68.41,2,Conflict
583,78.8,3,Conflict
584,0.0,4,Simultaneous
584,19.47,3,Simultaneous
584,35.65,3,Simultaneous
584,36.03,2,Simultaneous
584,7.08,2,Conflict
584,12.43,2,Conflict
584,25.24,2,Conflict
584,72.98,2,Conflict
585,0.0,4,Simultaneous
585,17.31,2,Simultaneous
585,41.33,4,Simultaneous
585,70.4,2,Simultaneous
585,98.66,2,Simultaneous
585,99.12,2,Simultaneous
585,13.06,2,Conflict
585,28.04,4,Conflict
585,44.43,3,Conflict
585,83.79,4,Conflict
585,92.12,2,Conflict
586,0.0,4,Simultaneous
586,2.5,2,Simultaneous
586,61.21,4,Simultaneous
586,69.39,2,Simultaneous
586,91.68,3,Conflict
587,0.0,4,Simultaneous
587,45.12,2,Simultaneous
587,49.48,2,Simultaneous
587,89.85,3,Simultaneous
587,19.12,2,Conflict
587,27.51,2,Conflict
588,0.0,4,Simultaneous
588,23.52,3,Simultaneous
588,48.86,3,Simultaneous
588,64.92,2,Simultaneous
588,10.47,3,Conflict
588,14.36,2,Conflict
588,60.91,2,Conflict
588,71.36,2,Conflict
589,0.0,4,Simultaneous
589,13.53,2,Simultaneous
589,59.83,2,Simultaneous
589,65.84,2,Simultaneous
589,24.2,2,Conflict
589,37.77,2,Conflict
589,64.72,3,Conflict
589,82.33,4,Conflict
589,95.43,2,Conflict
590,0.0,4,Simultaneous
590,87.43,2,Simultaneous
590,97.12,3,Simultaneous
590,98.67,2,Simultaneous
590,69.7,2,Conflict
591,0.0,4,Simultaneous
591,4.32,2,Simultaneous
591,8.47,2,Simultaneous
591,18.57,2,Simultaneous
591,27.56,2,Conflict
592,0.0,4,Simultaneous
592,44.31,3,Simultaneous
592,53.35,2,Simultaneous
592,96.14,2,Simultaneous
592,76.49,3,Conflict
593,0.0,4,Simultaneous
593,8.81,3,Simultaneous
593,69.82,2,Simultaneous
593,87.81,2,Simultaneous
593,66.06,2,Conflict
594,0.0,4,Simultaneous
594,6.49,2,Simultaneous
594,47.58,2,Simultaneous
594,77.13,2,Simultaneous
594,27.25,2,Conflict
595,0.0,4,Simultaneous
595,55.78,2,Simultaneous
595,59.53,3,Simultaneous
595,80.09,3,Simultaneous
595,69.71,2,Conflict
596,0.0,4,Simultaneous
596,18.21,3,Simultaneous
596,21.6,3,Simultaneous
596,26.13,2,Simultaneous
596,10.63,2,Conflict
596,41.94,3,Conflict
596,49.69,2,Conflict
596,67.34,2,Conflict
596,83.9,2,Conflict
596,85.79,3,Conflict
596,90.23,4,Conflict
597,0.0,4,Simultaneous
597,15.1,2,Simultaneous
597,59.56,2,Simultaneous
597,76.15,3,Simultaneous
597,10.64,4,Conflict
597,36.57,2,Conflict
597,42.47,2,Conflict
597,60.44,2,Conflict
597,63.8,3,Conflict
597,65.87,2,Conflict
598,0.0,4,Simultaneous
598,23.74,2,Simultaneous
598,44.18,3,Simultaneous
598,45.69,2,Simultaneous
598,7.4,2,Conflict
598,18.86,2,Conflict
598,48.18,2,Conflict
599,0.0,4,Simultaneous
599,23.61,4,Simultaneous
599,76.87,2,Simultaneous
599,90.69,3,Simultaneous
599,34.43,3,Conflict
599,38.47,2,Conflict
599,85.64,3,Conflict
600,0.0,4,Simultaneous
600,69.76,2,Simultaneous
600,83.79,2,Simultaneous
600,84.35,3,Simultaneous
600,87.12,3,Simultaneous
600,99.94,4,Simultaneous
600,27.99,4,Conflict
600,67.91,3,Conflict
601,0.0,4,Simultaneous
601,24.78,2,Simultaneous
601,38.65,2,Simultaneous
601,85.79,3,Simultaneous
601,63.54,2,Conflict
602,0.0,4,Simultaneous
602,9.02,2,Simultaneous
602,14.27,4,Simultaneous
602,69.73,2,Simultaneous
602,76.05,2,Simultaneous
602,77.21,3,Simultaneous
602,11.56,2,Conflict
603,0.0,4,Simultaneous
603,41.66,3,Simultaneous
603,46.34,2,Simultaneous
603,83.38,2,Simultaneous
603,4.38,2,Conflict
603,8.87,4,Conflict
603,21.3,2,Conflict
603,24.72,3,Conflict
603,33.03,2,Conflict
603,65.64,2,Conflict
604,0.0,4,Simultaneous
604,40.48,2,Simultaneous
604,82.49,2,Simultaneous
604,82.67,4,Simultaneous
604,83.87,2,Conflict
605,0.0,4,Simultaneous
605,33.42,3,Simultaneous
605,39.53,3,Simultaneous
605,76.12,2,Simultaneous
606,0.0,4,Simultaneous
606,8.63,3,Simultaneous
606,24.57,3,Simultaneous
606,42.25,2,Simultaneous
606,46.09,2,Conflict
606,71.55,3,Conflict
607,0.0,4,Simultaneous
607,16.49,2,Simultaneous
607,28.51,3,Simultaneous
607,70.65,2,Simultaneous
607,22.3,2,Conflict
607,64.44,2,Conflict
607,64.76,2,Conflict
607,67.74,2,Conflict
608,0.0,4,Simultaneous
608,5.54,2,Simultaneous
608,20.77,3,Simultaneous
608,66.52,2,Simultaneous
608,9.32,2,Conflict
608,49.04,2,Conflict
609,0.0,4,Simultaneous
609,37.49,3,Simultaneous
609,44.35,2,Simultaneous
609,64.75,2,Simultaneous
609,39.76,4,Conflict
609,41.48,2,Conflict
609,50.56,3,Conflict
610,0.0,4,Simultaneous
610,1.92,2,Simultaneous
610,7.78,2,Simultaneous
610,79.5,2,Simultaneous
611,0.0,4,Simultaneous
611,6.03,2,Simultaneous
611,44.04,3,Simultaneous
611,80.74,2,Simultaneous
611,82.33,2,Conflict
612,0.0,4,Simultaneous
612,14.09,2,Simultaneous
612,40.84,2,Simultaneous
612,41.41,2,Simultaneous
612,60.51,2,Simultaneous
612,62.58,2,Simultaneous
612,17.01,2,Conflict
613,0.0,4,Simultaneous
613,40.38,2,Simultaneous
613,65.01,3,Simultaneous
613,96.73,4,Simultaneous
614,0.0,4,Simultaneous
614,5.04,4,Simultaneous
614,8.47,3,Simultaneous
614,59.77,3,Simultaneous
614,13.65,3,Conflict
614,33.2,4,Conflict
614,67.21,2,Conflict
615,0.0,4,Simultaneous
615,1.03,2,Simultaneous
615,35.38,2,Simultaneous
615,58.51,2,Simultaneous
615,18.11,2,Conflict
615,36.34,3,Conflict
615,37.09,2,Conflict
616,0.0,4,Simultaneous
616,28.35,3,Simultaneous
616,88.51,2,Simultaneous
616,99.65,3,Simultaneous
616,4.08,2,Conflict
617,0.0,4,Simultaneous
617,34.86,3,Simultaneous
617,37.8,3,Simultaneous
617,52.38,3,Simultaneous
617,4.67,3,Conflict
617,47.86,2,Conflict
617,85.07,2,Conflict
618,0.0,4,Simultaneous
618,73.28,4,Simultaneous
618,74.48,2,Simultaneous
618,97.45,3,Simultaneous
618,1.88,2,Conflict
618,17.6,2,Conflict
619,0.0,4,Simultaneous
619,8.87,2,Simultaneous
619,13.39,2,Simultaneous
619,45.33,2,Simultaneous
619,15.42,3,Conflict
619,53.35,3,Conflict
619,63.75,2,Conflict
619,75.8,2,Conflict
619,78.09,2,Conflict
619,80.67,3,Conflict
620,0.0,4,Simultaneous
620,8.74,2,Simultaneous
620,9.84,3,Simultaneous
620,47.77,3,Simultaneous
620,76.31,3,Simultaneous
620,81.08,2,Simultaneous
620,52.29,2,Conflict
621,0.0,4,Simultaneous
621,17.15,2,Simultaneous
621,24.37,2,Simultaneous
621,35.81,2,Simultaneous
621,65.62,3,Simultaneous
621,90.29,3,Simultaneous
621,15.63,3,Conflict
621,33.12,3,Conflict
621,87.65,2,Conflict
621,88.93,2,Conflict
621,90.75,2,Conflict
622,0.0,4,Simultaneous
622,28.04,3,Simultaneous
622,72.6,4,Simultaneous
622,90.69,4,Simultaneous
622,67.93,4,Conflict
623,0.0,4,Simultaneous
623,34.45,2,Simultaneous
623,66.82,3,Simultaneous
623,79.18,3,Simultaneous
623,15.42,3,Conflict
623,23.75,2,Conflict
623,64.59,3,Conflict
623,97.21,3,Conflict
624,0.0,4,Simultaneous
624,5.95,3,Simultaneous
624,33.84,2,Simultaneous
624,69.71,3,Simultaneous
624,6.51,2,Conflict
624,59.72,4,Conflict
624,80.1,3,Conflict
625,0.0,4,Simultaneous
625,42.26,2,Simultaneous
625,72.74,3,Simultaneous
625,98.07,2,Simultaneous
625,80.66,2,Conflict
626,0.0,4,Simultaneous
626,26.31,2,Simultaneous
626,53.63,2,Simultaneous
626,91.28,2,Simultaneous
626,18.6,2,Conflict
627,0.0,4,Simultaneous
627,1.52,2,Simultaneous
627,39.61,2,Simultaneous
627,71.08,3,Simultaneous
627,1.7,2,Conflict
627,17.58,3,Conflict
627,36.19,2,Conflict
628,0.0,4,Simultaneous
628,36.57,2,Simultaneous
628,44.76,3,Simultaneous
628,96.84,2,Simultaneous
629,0.0,4,Simultaneous
629,58.33,2,Simultaneous
629,87.12,3,Simultaneous
629,98.47,2,Simultaneous
629,67.03,2,Conflict
630,0.0,4,Simultaneous
630,9.23,4,Simultaneous
630,22.77,3,Simultaneous
630,33.16,2,Simultaneous
631,0.0,4,Simultaneous
631,17.18,2,Simultaneous
631,43.25,2,Simultaneous
631,63.78,2,Simultaneous
631,52.55,2,Conflict
631,84.49,4,Conflict
632,0.0,4,Simultaneous
632,89.09,4,Simultaneous
632,92.74,2,Simultaneous
632,98.01,2,Simultaneous
632,0.96,3,Conflict
632,53.59,3,Conflict
632,60.15,2,Conflict
632,90.69,2,Conflict
632,96.42,4,Conflict
633,0.0,4,Simultaneous
633,10.19,2,Simultaneous
633,17.3,2,Simultaneous
633,20.07,2,Simultaneous
633,20.87,2,Simultaneous
633,98.11,3,Simultaneous
633,13.88,2,Conflict
633,18.86,3,Conflict
633,37.78,3,Conflict
633,47.82,4,Conflict
633,60.44,3,Conflict
633,93.73,2,Conflict
634,0.0,4,Simultaneous
634,5.51,3,Simultaneous
634,75.64,2,Simultaneous
634,99.71,3,Simultaneous
634,3.52,2,Conflict
634,28.46,2,Conflict
635,0.0,4,Simultaneous
635,24.29,3,Simultaneous
635,68.49,2,Simultaneous
635,92.03,2,Simultaneous
635,14.35,2,Conflict
635,34.86,2,Conflict
635,54.68,2,Conflict
635,61.72,3,Conflict
635,73.22,4,Conflict
636,0.0,4,Simultaneous
636,49.02,2,Simultaneous
636,57.01,2,Simultaneous
636,64.92,3,Simultaneous
636,2.88,2,Conflict
636,24.58,3,Conflict
636,44.3,2,Conflict
636,85.64,2,Conflict
637,0.0,4,Simultaneous
637,11.93,2,Simultaneous
637,19.42,3,Simultaneous
637,28.22,2,Simultaneous
637,74.73,3,Simultaneous
637,74.99,2,Simultaneous
637,82.19,2,Simultaneous
637,90.66,3,Simultaneous
637,1.42,3,Conflict
637,33.84,2,Conflict
637,70.86,2,Conflict
638,0.0,4,Simultaneous
638,88.92,3,Simultaneous
638,89.77,2,Simultaneous
638,90.8,2,Simultaneous
638,14.44,2,Conflict
638,34.07,2,Conflict
638,71.02,3,Conflict
638,80.36,2,Conflict
639,0.0,4,Simultaneous
639,62.59,3,Simultaneous
639,86.62,2,Simultaneous
639,88.35,3,Simultaneous
639,69.19,2,Conflict
640,0.0,4,Simultaneous
640,30.48,3,Simultaneous
640,41.01,2,Simultaneous
640,46.2,2,Simultaneous
640,77.35,3,Conflict
640,96.59,3,Conflict
641,0.0,4,Simultaneous
641,4.01,2,Simultaneous
641,6.16,3,Simultaneous
641,99.67,2,Simultaneous
642,0.0,4,Simultaneous
642,2.93,2,Simultaneous
642,7.51,3,Simultaneous
642,21.41,2,Simultaneous
642,18.55,3,Conflict
642,31.78,2,Conflict
642,50.09,2,Conflict
642,74.65,2,Conflict
643,0.0,4,Simultaneous
643,2.98,3,Simultaneous
643,13.95,4,Simultaneous
643,21.64,2,Simultaneous
643,12.65,2,Conflict
644,0.0,4,Simultaneous
644,12.96,2,Simultaneous
644,13.71,2,Simultaneous
644,14.12,2,Simultaneous
644,42.17,3,Simultaneous
644,90.99,3,Simultaneous
644,1.87,2,Conflict
645,0.0,4,Simultaneous
645,13.12,2,Simultaneous
645,28.52,4,Simultaneous
645,88.78,4,Simultaneous
645,13.83,2,Conflict
645,58.27,3,Conflict
646,0.0,4,Simultaneous
646,18.34,2,Simultaneous
646,53.83,2,Simultaneous
646,58.45,2,Simultaneous
646,14.14,2,Conflict
646,34.05,3,Conflict
646,43.13,3,Conflict
646,54.66,2,Conflict
646,93.94,2,Conflict
647,0.0,4,Simultaneous
647,35.85,2,Simultaneous
647,37.42,2,Simultaneous
647,62.01,3,Simultaneous
648,0.0,4,Simultaneous
648,43.33,3,Simultaneous
648,56.64,2,Simultaneous
648,91.71,4,Simultaneous
648,3.4,2,Conflict
648,42.17,3,Conflict
648,67.05,2,Conflict
648,67.92,3,Conflict
648,95.51,2,Conflict
648,99.01,3,Conflict
649,0.0,4,Simultaneous
649,14.69,3,Simultaneous
649,36.24,3,Simultaneous
649,43.25,2,Simultaneous
649,54.99,3,Simultaneous
649,55.18,2,Simultaneous
650,0.0,4,Simultaneous
650,35.78,2,Simultaneous
650,37.56,2,Simultaneous
650,51.23,4,Simultaneous
650,34.59,4,Conflict
650,68.08,2,Conflict
651,0.0,4,Simultaneous
651,52.71,3,Simultaneous
651,59.5,2,Simultaneous
651,81.29,2,Simultaneous
651,37.77,2,Conflict
652,0.0,4,Simultaneous
652,37.85,2,Simultaneous
652,65.26,2,Simultaneous
652,81.75,2,Simultaneous
652,18.59,3,Conflict
652,26.02,3,Conflict
652,61.9,2,Conflict
652,86.03,2,Conflict
653,0.0,4,Simultaneous
653,34.85,2,Simultaneous
653,58.58,4,Simultaneous
653,76.2,4,Simultaneous
653,50.59,3,Conflict
654,0.0,4,Simultaneous
654,7.67,2,Simultaneous
654,30.68,2,Simultaneous
654,52.94,4,Simultaneous
654,64.46,2,Conflict
655,0.0,4,Simultaneous
655,8.56,3,Simultaneous
655,96.59,3,Simultaneous
655,98.05,2,Simultaneous
655,3.92,2,Conflict
655,21.39,2,Conflict
656,0.0,4,Simultaneous
656,67.73,3,Simultaneous
656,74.78,2,Simultaneous
656,77.63,2,Simultaneous
656,55.74,3,Conflict
656,85.82,2,Conflict
656,90.48,3,Conflict
657,0.0,4,Simultaneous
657,26.3,2,Simultaneous
657,59.74,3,Simultaneous
657,80.32,4,Simultaneous
657,71.45,3,Conflict
658,0.0,4,Simultaneous
658,18.75,4,Simultaneous
658,69.85,3,Simultaneous
658,77.39,2,Simultaneous
658,33.47,2,Conflict
658,42.24,3,Conflict
659,0.0,4,Simultaneous
659,15.68,3,Simultaneous
659,38.65,3,Simultaneous
659,96.26,2,Simultaneous
659,16.5,2,Conflict
659,37.77,2,Conflict
659,71.41,2,Conflict
659,98.61,2,Conflict
660,0.0,4,Simultaneous
660,17.17,3,Simultaneous
660,23.74,2,Simultaneous
660,49.61,4,Simultaneous
660,0.7,2,Conflict
660,30.99,2,Conflict
660,69.4,3,Conflict
660,93.88,2,Conflict
661,0.0,4,Simultaneous
661,48.52,2,Simultaneous
661,65.49,2,Simultaneous
661,73.28,2,Simultaneous
661,54.32,2,Conflict
661,61.47,3,Conflict
661,96.84,4,Conflict
662,0.0,4,Simultaneous
662,16.61,3,Simultaneous
662,96.82,3,Simultaneous
662,99.01,2,Simultaneous
662,56.68,3,Conflict
662,70.62,2,Conflict
663,0.0,4,Simultaneous
663,22.82,3,Simultaneous
663,67.28,3,Simultaneous
663,94.98,2,Simultaneous
663,16.44,2,Conflict
663,31.87,2,Conflict
663,94.74,3,Conflict
664,0.0,4,Simultaneous
664,29.1,2,Simultaneous
664,45.11,2,Simultaneous
664,76.36,2,Simultaneous
664,87.21,3,Simultaneous
664,97.71,2,Simultaneous
664,4.98,2,Conflict
664,62.78,2,Conflict
665,0.0,4,Simultaneous
665,40.17,3,Simultaneous
665,80.92,3,Simultaneous
665,90.48,3,Simultaneous
665,12.82,2,Conflict
665,41.87,3,Conflict
665,55.11,2,Conflict
665,98.42,2,Conflict
666,0.0,4,Simultaneous
666,26.24,2,Simultaneous
666,78.43,2,Simultaneous
666,92.92,2,Simultaneous
666,7.52,3,Conflict
666,73.03,2,Conflict
666,87.69,3,Conflict
667,0.0,4,Simultaneous
667,40.2,3,Simultaneous
667,46.54,2,Simultaneous
667,54.68,2,Simultaneous
667,30.08,2,Conflict
667,48.56,2,Conflict
667,91.01,3,Conflict
668,0.0,4,Simultaneous
668,23.52,2,Simultaneous
668,34.06,4,Simultaneous
668,75.63,3,Simultaneous
668,34.91,2,Conflict
668,39.51,2,Conflict
668,62.67,4,Conflict
668,86.67,4,Conflict
669,0.0,4,Simultaneous
669,43.72,3,Simultaneous
669,66.17,3,Simultaneous
669,67.38,3,Simultaneous
669,26.18,3,Conflict
669,29.69,3,Conflict
669,31.38,2,Conflict
669,44.67,2,Conflict
670,0.0,4,Simultaneous
670,1.93,2,Simultaneous
670,29.06,4,Simultaneous
670,96.35,3,Simultaneous
670,32.14,4,Conflict
670,98.26,3,Conflict
671,0.0,4,Simultaneous
671,1.38,2,Simultaneous
671,42.17,3,Simultaneous
671,84.51,3,Simultaneous
671,6.7,2,Conflict
671,54.41,3,Conflict
672,0.0,4,Simultaneous
672,50.26,3,Simultaneous
672,55.43,3,Simultaneous
672,88.05,2,Simultaneous
672,9.6,2,Conflict
672,24.34,2,Conflict
672,39.18,2,Conflict
672,43.67,3,Conflict
672,58.89,4,Conflict
673,0.0,4,Simultaneous
673,66.42,4,Simultaneous
673,69.75,4,Simultaneous
673,84.28,3,Simultaneous
673,82.77,2,Conflict
674,0.0,4,Simultaneous
674,36.0,2,Simultaneous
674,45.33,2,Simultaneous
674,95.57,4,Simultaneous
674,74.94,3,Conflict
674,89.86,3,Conflict
675,0.0,4,Simultaneous
675,22.0,2,Simultaneous
675,40.38,3,Simultaneous
675,93.94,3,Simultaneous
675,19.02,4,Conflict
675,42.25,2,Conflict
675,52.71,3,Conflict
675,58.33,3,Conflict
675,60.23,3,Conflict
675,74.52,3,Conflict
675,99.64,3,Conflict
676,0.0,4,Simultaneous
676,8.18,2,Simultaneous
676,8.35,3,Simultaneous
676,15.95,3,Simultaneous
676,29.33,4,Conflict
676,66.19,2,Conflict
676,86.35,2,Conflict
677,0.0,4,Simultaneous
677,30.59,3,Simultaneous
677,32.66,2,Simultaneous
677,39.17,2,Simultaneous
677,32.87,2,Conflict
677,40.83,4,Conflict
677,68.12,3,Conflict
678,0.0,4,Simultaneous
678,20.27,2,Simultaneous
678,45.79,3,Simultaneous
678,87.36,3,Simultaneous
678,23.31,2,Conflict
678,34.21,4,Conflict
678,52.27,3,Conflict
678,79.26,3,Conflict
679,0.0,4,Simultaneous
679,24.72,2,Simultaneous
679,42.17,4,Simultaneous
679,60.2,2,Simultaneous
679,17.93,2,Conflict
679,75.52,4,Conflict
679,78.06,3,Conflict
679,92.68,2,Conflict
680,0.0,4,Simultaneous
680,10.22,2,Simultaneous
680,34.43,2,Simultaneous
680,36.1,2,Simultaneous
680,39.82,3,Simultaneous
680,67.31,3,Simultaneous
680,8.16,2,Conflict
680,14.09,4,Conflict
680,23.72,3,Conflict
680,29.95,2,Conflict
680,41.24,2,Conflict
681,0.0,4,Simultaneous
681,35.05,3,Simultaneous
681,57.38,2,Simultaneous
681,61.98,3,Simultaneous
681,12.31,3,Conflict
681,41.71,3,Conflict
682,0.0,4,Simultaneous
682,18.69,2,Simultaneous
682,55.02,2,Simultaneous
682,97.61,2,Simultaneous
682,21.15,4,Conflict
682,88.31,3,Conflict
683,0.0,4,Simultaneous
683,16.9,2,Simultaneous
683,40.45,2,Simultaneous
683,58.43,3,Simultaneous
683,67.21,3,Conflict
683,96.47,3,Conflict
684,0.0,4,Simultaneous
684,17.73,3,Simultaneous
684,27.45,3,Simultaneous
684,90.66,2,Simultaneous
684,36.54,2,Conflict
684,38.69,2,Conflict
685,0.0,4,Simultaneous
685,31.11,3,Simultaneous
685,38.0,3,Simultaneous
685,73.88,2,Simultaneous
685,90.01,2,Simultaneous
685,91.86,2,Simultaneous
685,0.52,2,Conflict
685,54.9,3,Conflict
686,0.0,4,Simultaneous
686,51.47,4,Simultaneous
686,58.55,2,Simultaneous
686,80.61,3,Simultaneous
686,13.61,3,Conflict
686,68.21,2,Conflict
686,93.51,4,Conflict
687,0.0,4,Simultaneous
687,71.97,2,Simultaneous
687,87.84,3,Simultaneous
687,96.7,2,Simultaneous
688,0.0,4,Simultaneous
688,1.58,2,Simultaneous
688,67.65,3,Simultaneous
688,92.23,2,Simultaneous
689,0.0,4,Simultaneous
689,82.59,3,Simultaneous
689,87.21,3,Simultaneous
689,94.08,3,Simultaneous
689,27.44,2,Conflict
689,50.77,2,Conflict
689,86.93,3,Conflict
690,0.0,4,Simultaneous
690,2.67,2,Simultaneous
690,28.46,2,Simultaneous
690,82.94,2,Simultaneous
690,71.65,2,Conflict
691,0.0,4,Simultaneous
691,18.94,2,Simultaneous
691,44.65,2,Simultaneous
691,47.14,2,Simultaneous
691,22.62,3,Conflict
691,57.42,3,Conflict
691,87.97,2,Conflict
692,0.0,4,Simultaneous
692,49.2,2,Simultaneous
692,82.05,2,Simultaneous
692,91.68,2,Simultaneous
692,15.68,2,Conflict
692,36.02,4,Conflict
692,47.77,2,Conflict
692,49.41,3,Conflict
692,96.13,2,Conflict
693,0.0,4,Simultaneous
693,3.03,2,Simultaneous
693,10.71,3,Simultaneous
693,82.16,2,Simultaneous
693,53.23,2,Conflict
694,0.0,4,Simultaneous
694,8.52,2,Simultaneous
694,14.52,3,Simultaneous
694,63.9,4,Simultaneous
694,4.24,4,Conflict
694,72.64,2,Conflict
695,0.0,4,Simultaneous
695,21.36,4,Simultaneous
695,37.64,3,Simultaneous
695,79.76,2,Simultaneous
695,78.1,3,Conflict
696,0.0,4,Simultaneous
696,27.56,2,Simultaneous
696,31.13,3,Simultaneous
696,39.76,3,Simultaneous
696,42.91,3,Simultaneous
696,45.73,3,Simultaneous
696,57.41,3,Conflict
696,80.78,2,Conflict
696,87.77,3,Conflict
696,93.41,2,Conflict
696,95.36,2,Conflict
697,0.0,4,Simultaneous
697,25.3,2,Simultaneous
697,58.43,2,Simultaneous
697,62.11,3,Simultaneous
697,1.82,2,Conflict
697,35.81,3,Conflict
698,0.0,4,Simultaneous
698,4.97,2,Simultaneous
698,7.36,3,Simultaneous
698,27.58,3,Simultaneous
698,31.07,2,Simultaneous
698,37.49,2,Simultaneous
698,49.16,2,Conflict
698,55.76,2,Conflict
698,65.61,4,Conflict
698,97.0,2,Conflict
699,0.0,4,Simultaneous
699,30.81,2,Simultaneous
699,79.16,2,Simultaneous
699,90.06,3,Simultaneous
699,70.84,2,Conflict
700,0.0,4,Simultaneous
700,2.31,2,Simultaneous
700,4.38,2,Simultaneous
700,61.25,3,Simultaneous
700,36.8,2,Conflict
700,52.75,2,Conflict
701,0.0,4,Simultaneous
701,16.07,2,Simultaneous
701,33.78,2,Simultaneous
701,36.95,2,Simultaneous
701,40.65,3,Simultaneous
701,84.64,2,Simultaneous
701,6.14,2,Conflict
701,32.96,3,Conflict
701,64.27,4,Conflict
701,67.72,2,Conflict
702,0.0,4,Simultaneous
702,48.39,3,Simultaneous
702,48.64,2,Simultaneous
702,63.92,2,Simultaneous
702,72.71,2,Conflict
703,0.0,4,Simultaneous
703,22.81,2,Simultaneous
703,33.2,3,Simultaneous
703,58.45,2,Simultaneous
703,18.98,2,Conflict
703,36.57,2,Conflict
703,62.42,2,Conflict
704,0.0,4,Simultaneous
704,16.86,2,Simultaneous
704,66.04,2,Simultaneous
704,84.49,2,Simultaneous
704,2.75,2,Conflict
704,6.18,2,Conflict
704,13.35,3,Conflict
704,73.22,2,Conflict
704,79.52,2,Conflict
705,0.0,4,Simultaneous
705,15.87,2,Simultaneous
705,17.1,2,Simultaneous
705,28.54,4,Simultaneous
705,31.02,2,Simultaneous
705,91.35,3,Simultaneous
705,24.2,2,Conflict
705,30.82,2,Conflict
705,38.98,2,Conflict
706,0.0,4,Simultaneous
706,8.17,3,Simultaneous
706,12.19,3,Simultaneous
706,17.2,4,Simultaneous
706,8.39,2,Conflict
706,55.28,3,Conflict
706,58.9,3,Conflict
707,0.0,4,Simultaneous
707,15.57,4,Simultaneous
707,32.85,2,Simultaneous
707,82.95,3,Simultaneous
708,0.0,4,Simultaneous
708,32.42,2,Simultaneous
708,53.38,3,Simultaneous
708,94.05,2,Simultaneous
708,2.12,2,Conflict
708,51.51,2,Conflict
709,0.0,4,Simultaneous
709,0.52,2,Simultaneous
709,15.84,2,Simultaneous
709,47.82,3,Simultaneous
709,51.83,3,Simultaneous
709,77.76,3,Simultaneous
709,7.57,4,Conflict
709,23.49,3,Conflict
709,33.99,3,Conflict
710,0.0,4,Simultaneous
710,32.02,3,Simultaneous
710,69.61,3,Simultaneous
710,98.66,2,Simultaneous
710,57.97,2,Conflict
710,89.14,2,Conflict
711,0.0,4,Simultaneous
711,10.9,3,Simultaneous
711,49.61,2,Simultaneous
711,60.78,2,Simultaneous
711,26.17,2,Conflict
711,30.99,2,Conflict
711,56.24,2,Conflict
712,0.0,4,Simultaneous
712,14.15,4,Simultaneous
712,42.47,3,Simultaneous
712,75.36,3,Simultaneous
712,32.85,2,Conflict
712,62.01,4,Conflict
713,0.0,4,Simultaneous
713,7.37,3,Simultaneous
713,48.47,4,Simultaneous
713,68.41,2,Simultaneous
713,35.67,2,Conflict
713,41.87,3,Conflict
714,0.0,4,Simultaneous
714,35.79,3,Simultaneous
714,58.53,2,Simultaneous
714,83.61,3,Simultaneous
714,92.56,4,Conflict
715,0.0,4,Simultaneous
715,41.07,2,Simultaneous
715,54.36,3,Simultaneous
715,70.45,3,Simultaneous
715,13.27,4,Conflict
715,13.69,3,Conflict
716,0.0,4,Simultaneous
716,14.64,2,Simultaneous
716,73.98,3,Simultaneous
716,74.22,2,Simultaneous
716,21.0,3,Conflict
716,37.33,2,Conflict
716,40.66,2,Conflict
716,57.99,3,Conflict
717,0.0,4,Simultaneous
717,24.41,3,Simultaneous
717,42.7,2,Simultaneous
717,45.31,2,Simultaneous
718,0.0,4,Simultaneous
718,2.85,2,Simultaneous
718,21.33,3,Simultaneous
718,70.83,3,Simultaneous
718,62.92,4,Conflict
718,84.57,3,Conflict
719,0.0,4,Simultaneous
719,45.12,2,Simultaneous
719,48.87,2,Simultaneous
719,49.8,3,Simultaneous
719,51.42,4,Conflict
719,56.56,2,Conflict
719,62.78,2,Conflict
720,0.0,4,Simultaneous
720,28.36,4,Simultaneous
720,37.74,3,Simultaneous
720,90.01,2,Simultaneous
720,12.32,2,Conflict
720,29.48,2,Conflict
720,73.07,3,Conflict
720,92.74,2,Conflict
721,0.0,4,Simultaneous
721,38.76,3,Simultaneous
721,56.72,2,Simultaneous
721,95.53,2,Simultaneous
722,0.0,4,Simultaneous
722,2.0,2,Simultaneous
722,62.57,3,Simultaneous
722,78.74,4,Simultaneous
722,34.23,3,Conflict
723,0.0,4,Simultaneous
723,11.65,3,Simultaneous
723,21.04,3,Simultaneous
723,84.59,3,Simultaneous
723,5.5,2,Conflict
724,0.0,4,Simultaneous
724,24.3,3,Simultaneous
724,79.83,3,Simultaneous
724,98.74,3,Simultaneous
724,46.89,3,Conflict
724,54.5,2,Conflict
724,73.03,2,Conflict
724,81.51,4,Conflict
724,87.14,2,Conflict
725,0.0,4,Simultaneous
725,41.33,3,Simultaneous
725,64.38,3,Simultaneous
725,82.72,4,Simultaneous
725,6.29,3,Conflict
725,13.24,2,Conflict
725,38.59,2,Conflict
726,0.0,4,Simultaneous
726,12.06,2,Simultaneous
726,22.35,3,Simultaneous
726,64.7,2,Simultaneous
727,0.0,4,Simultaneous
727,12.76,2,Simultaneous
727,55.28,2,Simultaneous
727,82.72,2,Simultaneous
728,0.0,4,Simultaneous
728,24.11,3,Simultaneous
728,38.73,2,Simultaneous
728,57.61,3,Simultaneous
728,74.48,3,Simultaneous
728,89.26,4,Simultaneous
728,2.42,2,Conflict
728,52.1,4,Conflict
728,96.17,2,Conflict
729,0.0,4,Simultaneous
729,7.68,2,Simultaneous
729,55.43,3,Simultaneous
729,59.55,3,Simultaneous
730,0.0,4,Simultaneous
730,2.58,3,Simultaneous
730,35.11,3,Simultaneous
730,79.68,3,Simultaneous
730,13.44,2,Conflict
730,16.1,2,Conflict
730,39.81,2,Conflict
730,93.07,2,Conflict
731,0.0,4,Simultaneous
731,7.0,2,Simultaneous
731,8.87,2,Simultaneous
731,30.81,4,Simultaneous
731,55.07,2,Conflict
731,59.32,3,Conflict
731,77.92,3,Conflict
732,0.0,4,Simultaneous
732,40.84,4,Simultaneous
732,46.66,3,Simultaneous
732,80.92,3,Simultaneous
732,51.65,2,Conflict
733,0.0,4,Simultaneous
733,6.42,2,Simultaneous
733,85.47,2,Simultaneous
733,96.43,2,Simultaneous
733,85.82,2,Conflict
734,0.0,4,Simultaneous
734,17.05,2,Simultaneous
734,23.1,2,Simultaneous
734,58.05,2,Simultaneous
734,74.29,3,Conflict
734,77.24,3,Conflict
734,81.96,2,Conflict
735,0.0,4,Simultaneous
735,29.28,2,Simultaneous
735,65.11,3,Simultaneous
735,80.2,3,Simultaneous
735,12.48,2,Conflict
735,16.5,3,Conflict
736,0.0,4,Simultaneous
736,41.03,4,Simultaneous
736,56.44,3,Simultaneous
736,78.31,2,Simultaneous
736,61.78,2,Conflict
737,0.0,4,Simultaneous
737,25.04,2,Simultaneous
737,27.56,2,Simultaneous
737,57.34,3,Simultaneous
737,35.49,2,Conflict
737,50.95,2,Conflict
737,66.95,2,Conflict
737,90.99,2,Conflict
738,0.0,4,Simultaneous
738,39.23,4,Simultaneous
738,58.74,3,Simultaneous
738,86.87,2,Simultaneous
738,7.41,2,Conflict
738,62.46,2,Conflict
738,70.25,2,Conflict
739,0.0,4,Simultaneous
739,10.29,3,Simultaneous
739,54.36,3,Simultaneous
739,59.57,2,Simultaneous
740,0.0,4,Simultaneous
740,15.63,3,Simultaneous
740,16.72,2,Simultaneous
740,44.18,4,Simultaneous
740,5.04,2,Conflict
740,11.8,2,Conflict
740,20.75,2,Conflict
740,51.87,2,Conflict
740,55.64,2,Conflict
740,75.58,2,Conflict
740,87.16,2,Conflict
741,0.0,4,Simultaneous
741,17.05,2,Simultaneous
741,38.69,3,Simultaneous
741,42.26,2,Simultaneous
741,12.43,2,Conflict
741,26.34,4,Conflict
741,37.8,2,Conflict
741,60.76,2,Conflict
741,72.66,2,Conflict
742,0.0,4,Simultaneous
742,29.88,3,Simultaneous
742,48.25,2,Simultaneous
742,52.13,2,Simultaneous
743,0.0,4,Simultaneous
743,43.67,2,Simultaneous
743,62.01,2,Simultaneous
743,75.36,2,Simultaneous
743,8.16,2,Conflict
743,34.09,4,Conflict
743,74.89,2,Conflict
744,0.0,4,Simultaneous
744,0.63,3,Simultaneous
744,27.44,2,Simultaneous
744,96.03,2,Simultaneous
744,3.02,3,Conflict
744,5.29,2,Conflict
744,6.82,2,Conflict
744,9.29,2,Conflict
744,83.22,2,Conflict
745,0.0,4,Simultaneous
745,9.24,2,Simultaneous
745,56.96,2,Simultaneous
745,89.17,2,Simultaneous
745,52.94,2,Conflict
746,0.0,4,Simultaneous
746,17.12,2,Simultaneous
746,35.11,3,Simultaneous
746,96.31,2,Simultaneous
746,30.82,2,Conflict
746,75.63,3,Conflict
747,0.0,4,Simultaneous
747,43.77,2,Simultaneous
747,62.46,3,Simultaneous
747,77.01,3,Simultaneous
747,28.58,2,Conflict
747,63.13,4,Conflict
747,69.38,3,Conflict
748,0.0,4,Simultaneous
748,62.14,3,Simultaneous
748,64.82,2,Simultaneous
748,65.82,2,Simultaneous
748,63.55,2,Conflict
748,93.84,3,Conflict
749,0.0,4,Simultaneous
749,41.23,3,Simultaneous
749,58.76,3,Simultaneous
749,87.96,3,Simultaneous
749,37.53,3,Conflict
749,69.24,3,Conflict
750,0.0,4,Simultaneous
750,2.0,3,Simultaneous
750,69.87,3,Simultaneous
750,79.52,2,Simultaneous
750,9.16,2,Conflict
750,65.13,2,Conflict
750,71.72,2,Conflict
751,0.0,4,Simultaneous
751,50.97,3,Simultaneous
751,67.42,4,Simultaneous
751,77.43,2,Simultaneous
751,51.51,3,Conflict
752,0.0,4,Simultaneous
752,18.27,3,Simultaneous
752,25.55,3,Simultaneous
752,72.48,2,Simultaneous
752,27.56,2,Conflict
752,29.93,3,Conflict
752,93.86,2,Conflict
752,96.72,3,Conflict
752,98.78,2,Conflict
753,0.0,4,Simultaneous
753,63.82,3,Simultaneous
753,84.5,3,Simultaneous
753,85.19,3,Simultaneous
753,47.95,2,Conflict
753,64.65,3,Conflict
754,0.0,4,Simultaneous
754,7.87,4,Simultaneous
754,67.71,3,Simultaneous
754,93.75,3,Simultaneous
754,13.19,2,Conflict
754,30.77,2,Conflict
754,43.18,3,Conflict
754,46.23,2,Conflict
755,0.0,4,Simultaneous
755,40.08,2,Simultaneous
755,54.36,2,Simultaneous
755,95.98,3,Simultaneous
755,90.58,3,Conflict
756,0.0,4,Simultaneous
756,38.04,4,Simultaneous
756,46.9,4,Simultaneous
756,86.33,4,Simultaneous
756,97.67,3,Conflict
757,0.0,4,Simultaneous
757,29.2,2,Simultaneous
757,86.29,3,Simultaneous
757,94.5,3,Simultaneous
757,21.6,3,Conflict
757,38.05,2,Conflict
757,52.29,4,Conflict
758,0.0,4,Simultaneous
758,44.87,2,Simultaneous
758,62.78,2,Simultaneous
758,93.19,2,Simultaneous
758,56.95,2,Conflict
758,62.65,2,Conflict
758,64.96,2,Conflict
758,91.28,2,Conflict
758,99.71,3,Conflict
759,0.0,4,Simultaneous
759,55.34,4,Simultaneous
759,62.85,3,Simultaneous
759,91.18,2,Simultaneous
759,33.35,4,Conflict
759,67.92,2,Conflict
760,0.0,4,Simultaneous
760,11.8,3,Simultaneous
760,18.21,3,Simultaneous
760,53.36,3,Simultaneous
760,20.54,2,Conflict
760,21.41,3,Conflict
760,49.04,4,Conflict
760,53.54,2,Conflict
760,99.96,3,Conflict
761,0.0,4,Simultaneous
761,31.53,3,Simultaneous
761,67.34,3,Simultaneous
761,92.51,3,Simultaneous
761,28.61,2,Conflict
762,0.0,4,Simultaneous
762,5.62,2,Simultaneous
762,56.8,2,Simultaneous
762,58.5,2,Simultaneous
762,24.5,2,Conflict
763,0.0,4,Simultaneous
763,15.76,2,Simultaneous
763,59.77,2,Simultaneous
763,85.58,3,Simultaneous
763,43.84,2,Conflict
764,0.0,4,Simultaneous
764,5.66,2,Simultaneous
764,39.64,2,Simultaneous
764,63.34,2,Simultaneous
765,0.0,4,Simultaneous
765,28.46,2,Simultaneous
765,31.53,2,Simultaneous
765,45.25,3,Simultaneous
765,28.58,2,Conflict
765,48.64,2,Conflict
765,91.68,2,Conflict
766,0.0,4,Simultaneous
766,13.52,2,Simultaneous
766,57.39,2,Simultaneous
766,60.15,2,Simultaneous
766,49.19,3,Conflict
766,52.04,2,Conflict
767,0.0,4,Simultaneous
767,7.11,2,Simultaneous
767,28.69,3,Simultaneous
767,80.27,4,Simultaneous
767,32.42,4,Conflict
767,43.38,3,Conflict
767,55.88,2,Conflict
767,75.55,2,Conflict
767,95.68,2,Conflict
768,0.0,4,Simultaneous
768,29.2,2,Simultaneous
768,34.91,2,Simultaneous
768,76.05,3,Simultaneous
768,77.43,2,Simultaneous
768,94.2,2,Simultaneous
768,8.31,2,Conflict
768,54.37,3,Conflict
768,89.1,4,Conflict
769,0.0,4,Simultaneous
769,63.59,2,Simultaneous
769,66.96,2,Simultaneous
769,95.63,3,Simultaneous
769,7.41,2,Conflict
769,31.6,2,Conflict
769,40.07,2,Conflict
769,49.63,3,Conflict
769,60.15,2,Conflict
770,0.0,4,Simultaneous
770,8.32,3,Simultaneous
770,54.07,2,Simultaneous
770,60.38,2,Simultaneous
770,78.07,2,Simultaneous
770,96.42,3,Simultaneous
770,34.91,2,Conflict
770,50.58,2,Conflict
770,51.41,2,Conflict
770,71.65,2,Conflict
770,95.43,2,Conflict
771,0.0,4,Simultaneous
771,10.22,2,Simultaneous
771,41.05,3,Simultaneous
771,79.39,3,Simultaneous
771,67.74,2,Conflict
771,97.69,2,Conflict
772,0.0,4,Simultaneous
772,17.49,2,Simultaneous
772,63.53,2,Simultaneous
772,96.6,2,Simultaneous
772,32.1,3,Conflict
772,39.9,4,Conflict
772,49.42,3,Conflict
772,77.76,2,Conflict
773,0.0,4,Simultaneous
773,20.66,3,Simultaneous
773,55.18,2,Simultaneous
773,66.35,2,Simultaneous
773,6.24,3,Conflict
773,11.7,2,Conflict
773,41.03,3,Conflict
774,0.0,4,Simultaneous
774,16.44,2,Simultaneous
774,39.18,3,Simultaneous
774,83.33,2,Simultaneous
774,69.41,4,Conflict
774,74.96,3,Conflict
775,0.0,4,Simultaneous
775,72.36,4,Simultaneous
775,74.0,3,Simultaneous
775,89.28,3,Simultaneous
776,0.0,4,Simultaneous
776,1.26,4,Simultaneous
776,11.01,2,Simultaneous
776,82.56,3,Simultaneous
776,0.7,3,Conflict
776,34.59,3,Conflict
776,99.49,3,Conflict
777,0.0,4,Simultaneous
777,13.75,2,Simultaneous
777,18.89,2,Simultaneous
777,72.54,4,Simultaneous
777,82.76,3,Simultaneous
777,95.17,2,Simultaneous
777,43.48,2,Conflict
777,46.1,3,Conflict
777,54.37,2,Conflict
777,86.25,2,Conflict
778,0.0,4,Simultaneous
778,33.87,2,Simultaneous
778,36.57,3,Simultaneous
778,76.84,2,Simultaneous
778,50.51,2,Conflict
778,66.67,2,Conflict
778,90.81,3,Conflict
779,0.0,4,Simultaneous
779,4.67,2,Simultaneous
779,43.67,2,Simultaneous
779,66.93,2,Simultaneous
779,3.02,2,Conflict
779,39.96,2,Conflict
779,63.52,3,Conflict
779,97.55,3,Conflict
780,0.0,4,Simultaneous
780,44.53,2,Simultaneous
780,48.64,3,Simultaneous
780,54.34,3,Simultaneous
780,59.65,2,Simultaneous
780,92.28,3,Simultaneous
780,8.56,2,Conflict
780,9.75,2,Conflict
780,44.88,2,Conflict
780,78.47,2,Conflict
781,0.0,4,Simultaneous
781,18.06,2,Simultaneous
781,45.14,4,Simultaneous
781,66.12,2,Simultaneous
781,4.68,2,Conflict
781,17.01,3,Conflict
781,25.07,4,Conflict
781,27.43,2,Conflict
781,65.45,2,Conflict
781,90.97,2,Conflict
782,0.0,4,Simultaneous
782,52.81,3,Simultaneous
782,61.34,3,Simultaneous
782,84.01,2,Simultaneous
782,12.77,4,Conflict
782,32.63,4,Conflict
783,0.0,4,Simultaneous
783,0.52,2,Simultaneous
783,32.14,3,Simultaneous
783,42.7,3,Simultaneous
783,61.71,2,Simultaneous
783,79.43,2,Simultaneous
783,8.47,2,Conflict
783,41.81,3,Conflict
783,48.82,4,Conflict
783,81.8,2,Conflict
783,86.89,3,Conflict
783,86.93,2,Conflict
784,0.0,4,Simultaneous
784,13.66,3,Simultaneous
784,43.34,3,Simultaneous
784,68.58,2,Simultaneous
784,19.39,4,Conflict
785,0.0,4,Simultaneous
785,7.37,2,Simultaneous
785,20.83,2,Simultaneous
785,61.78,3,Simultaneous
786,0.0,4,Simultaneous
786,5.67,2,Simultaneous
786,78.31,2,Simultaneous
786,82.77,3,Simultaneous
787,0.0,4,Simultaneous
787,2.12,3,Simultaneous
787,41.24,3,Simultaneous
787,80.51,3,Simultaneous
787,53.79,3,Conflict
787,75.09,2,Conflict
788,0.0,4,Simultaneous
788,38.02,2,Simultaneous
788,41.4,2,Simultaneous
788,77.04,3,Simultaneous
789,0.0,4,Simultaneous
789,3.95,2,Simultaneous
789,15.86,3,Simultaneous
789,29.98,2,Simultaneous
789,67.64,3,Simultaneous
789,93.31,2,Simultaneous
790,0.0,4,Simultaneous
790,12.08,3,Simultaneous
790,27.56,3,Simultaneous
790,87.42,3,Simultaneous
790,38.31,2,Conflict
790,45.67,2,Conflict
790,64.59,3,Conflict
791,0.0,4,Simultaneous
791,13.32,2,Simultaneous
791,55.73,2,Simultaneous
791,83.04,2,Simultaneous
791,7.59,4,Conflict
791,13.82,3,Conflict
791,35.49,2,Conflict
791,55.04,2,Conflict
792,0.0,4,Simultaneous
792,3.53,4,Simultaneous
792,13.06,2,Simultaneous
792,66.4,3,Simultaneous
792,98.51,3,Simultaneous
792,99.02,2,Simultaneous
792,15.95,4,Conflict
792,90.89,3,Conflict
792,96.79,2,Conflict
793,0.0,4,Simultaneous
793,16.61,4,Simultaneous
793,42.46,3,Simultaneous
793,78.44,2,Simultaneous
793,37.46,2,Conflict
794,0.0,4,Simultaneous
794,41.71,2,Simultaneous
794,49.22,3,Simultaneous
794,55.47,2,Simultaneous
794,9.61,2,Conflict
794,29.27,2,Conflict
795,0.0,4,Simultaneous
795,16.42,2,Simultaneous
795,36.04,3,Simultaneous
795,44.49,2,Simultaneous
795,5.5,2,Conflict
795,20.91,2,Conflict
795,40.5,2,Conflict
795,93.94,2,Conflict
796,0.0,4,Simultaneous
796,15.07,3,Simultaneous
796,50.47,3,Simultaneous
796,51.37,2,Simultaneous
796,60.35,2,Conflict
796,67.38,2,Conflict
797,0.0,4,Simultaneous
797,48.66,3,Simultaneous
797,67.05,2,Simultaneous
797,93.48,2,Simultaneous
797,14.46,3,Conflict
797,18.35,2,Conflict
797,21.96,2,Conflict
798,0.0,4,Simultaneous
798,11.42,3,Simultaneous
798,14.72,2,Simultaneous
798,52.57,2,Simultaneous
798,60.39,2,Conflict
799,0.0,4,Simultaneous
799,8.52,3,Simultaneous
799,18.75,2,Simultaneous
799,27.29,3,Simultaneous
799,55.96,2,Conflict
800,0.0,4,Simultaneous
800,55.61,3,Simultaneous
800,65.3,3,Simultaneous
800,92.68,3,Simultaneous
800,67.03,2,Conflict
800,88.02,2,Conflict
800,90.87,2,Conflict
801,0.0,4,Simultaneous
801,31.52,3,Simultaneous
801,73.33,2,Simultaneous
801,81.77,2,Simultaneous
801,40.73,2,Conflict
801,56.82,2,Conflict
801,91.86,2,Conflict
801,92.92,2,Conflict
802,0.0,4,Simultaneous
802,62.49,3,Simultaneous
802,82.96,3,Simultaneous
802,94.6,2,Simultaneous
803,0.0,4,Simultaneous
803,48.73,3,Simultaneous
803,70.92,2,Simultaneous
803,83.18,3,Simultaneous
803,13.12,2,Conflict
803,14.16,2,Conflict
803,46.54,2,Conflict
803,49.93,2,Conflict
804,0.0,4,Simultaneous
804,49.9,2,Simultaneous
804,60.91,3,Simultaneous
804,97.74,2,Simultaneous
804,17.05,3,Conflict
804,61.59,2,Conflict
805,0.0,4,Simultaneous
805,15.17,2,Simultaneous
805,39.53,3,Simultaneous
805,46.8,4,Simultaneous
805,35.75,2,Conflict
805,50.08,4,Conflict
806,0.0,4,Simultaneous
806,14.18,2,Simultaneous
806,28.24,2,Simultaneous
806,32.43,2,Simultaneous
806,54.65,3,Conflict
806,70.4,2,Conflict
807,0.0,4,Simultaneous
807,44.35,2,Simultaneous
807,50.8,3,Simultaneous
807,97.08,3,Simultaneous
807,34.59,2,Conflict
807,68.07,3,Conflict
808,0.0,4,Simultaneous
808,7.23,2,Simultaneous
808,61.22,4,Simultaneous
808,81.38,2,Simultaneous
808,20.58,2,Conflict
808,36.1,2,Conflict
809,0.0,4,Simultaneous
809,52.46,3,Simultaneous
809,62.52,4,Simultaneous
809,74.12,2,Simultaneous
809,74.65,3,Simultaneous
809,77.11,2,Simultaneous
809,51.8,2,Conflict
809,52.26,3,Conflict
809,58.04,2,Conflict
810,0.0,4,Simultaneous
810,5.17,3,Simultaneous
810,38.7,2,Simultaneous
810,97.74,4,Simultaneous
811,0.0,4,Simultaneous
811,34.05,2,Simultaneous
811,46.67,2,Simultaneous
811,62.95,2,Simultaneous
812,0.0,4,Simultaneous
812,28.46,2,Simultaneous
812,63.65,3,Simultaneous
812,95.31,3,Simultaneous
812,39.23,2,Conflict
812,60.55,3,Conflict
812,94.5,3,Conflict
813,0.0,4,Simultaneous
813,12.92,2,Simultaneous
813,20.9,4,Simultaneous
813,80.47,2,Simultaneous
813,9.24,2,Conflict
813,42.71,2,Conflict
814,0.0,4,Simultaneous
814,28.22,4,Simultaneous
814,28.24,2,Simultaneous
814,70.82,2,Simultaneous
814,17.3,2,Conflict
814,29.88,4,Conflict
814,47.51,3,Conflict
814,81.27,2,Conflict
815,0.0,4,Simultaneous
815,11.85,4,Simultaneous
815,70.91,3,Simultaneous
815,94.3,3,Simultaneous
815,52.16,2,Conflict
815,82.82,2,Conflict
815,94.11,2,Conflict
816,0.0,4,Simultaneous
816,54.26,3,Simultaneous
816,66.2,4,Simultaneous
816,73.03,2,Simultaneous
817,0.0,4,Simultaneous
817,27.11,2,Simultaneous
817,31.87,2,Simultaneous
817,57.77,4,Simultaneous
817,16.43,4,Conflict
817,38.82,2,Conflict
817,49.54,2,Conflict
817,63.14,2,Conflict
817,73.41,2,Conflict
817,79.98,2,Conflict
818,0.0,4,Simultaneous
818,9.44,3,Simultaneous
818,59.83,2,Simultaneous
818,60.81,2,Simultaneous
818,8.97,3,Conflict
818,10.59,2,Conflict
818,62.98,2,Conflict
819,0.0,4,Simultaneous
819,10.59,3,Simultaneous
819,66.95,2,Simultaneous
819,74.22,2,Simultaneous
819,82.94,2,Simultaneous
819,92.56,2,Simultaneous
819,23.75,4,Conflict
819,27.56,2,Conflict
819,31.64,2,Conflict
819,37.49,2,Conflict
819,54.26,2,Conflict
820,0.0,4,Simultaneous
820,3.55,2,Simultaneous
820,62.26,2,Simultaneous
820,96.66,3,Simultaneous
820,2.91,3,Conflict
820,46.16,4,Conflict
820,67.27,3,Conflict
820,89.84,4,Conflict
820,90.08,2,Conflict
820,93.47,2,Conflict
821,0.0,4,Simultaneous
821,16.85,3,Simultaneous
821,36.63,2,Simultaneous
821,37.41,2,Simultaneous
821,29.24,2,Conflict
821,74.49,4,Conflict
822,0.0,4,Simultaneous
822,5.44,2,Simultaneous
822,13.03,4,Simultaneous
822,21.88,4,Simultaneous
822,29.64,2,Simultaneous
822,47.43,3,Simultaneous
822,62.24,3,Conflict
822,87.8,2,Conflict
823,0.0,4,Simultaneous
823,69.87,3,Simultaneous
823,84.0,2,Simultaneous
823,98.14,2,Simultaneous
823,35.8,2,Conflict
823,57.17,2,Conflict
823,65.7,3,Conflict
823,80.66,2,Conflict
823,94.74,2,Conflict
824,0.0,4,Simultaneous
824,11.49,2,Simultaneous
824,23.58,3,Simultaneous
824,30.58,2,Simultaneous
824,27.25,2,Conflict
825,0.0,4,Simultaneous
825,32.46,2,Simultaneous
825,62.28,3,Simultaneous
825,90.58,3,Simultaneous
826,0.0,4,Simultaneous
826,7.17,3,Simultaneous
826,39.92,2,Simultaneous
826,94.08,2,Simultaneous
826,19.79,3,Conflict
826,69.76,2,Conflict
827,0.0,4,Simultaneous
827,11.11,2,Simultaneous
827,15.8,3,Simultaneous
827,56.88,2,Simultaneous
827,76.31,2,Simultaneous
827,97.74,2,Simultaneous
827,5.4,3,Conflict
828,0.0,4,Simultaneous
828,10.22,2,Simultaneous
828,27.73,2,Simultaneous
828,63.96,3,Simultaneous
828,16.07,3,Conflict
828,70.27,2,Conflict
829,0.0,4,Simultaneous
829,32.51,2,Simultaneous
829,61.59,2,Simultaneous
829,98.73,3,Simultaneous
829,0.63,2,Conflict
829,23.43,4,Conflict
830,0.0,4,Simultaneous
830,8.02,3,Simultaneous
830,52.81,2,Simultaneous
830,69.55,4,Simultaneous
830,17.82,3,Conflict
830,31.02,2,Conflict
831,0.0,4,Simultaneous
831,15.12,3,Simultaneous
831,22.21,3,Simultaneous
831,26.03,2,Simultaneous
831,31.52,2,Simultaneous
831,92.74,3,Simultaneous
831,22.83,2,Conflict
831,95.16,2,Conflict
831,95.7,4,Conflict
832,0.0,4,Simultaneous
832,6.49,2,Simultaneous
832,9.89,2,Simultaneous
832,39.62,2,Simultaneous
833,0.0,4,Simultaneous
833,12.73,3,Simultaneous
833,20.81,3,Simultaneous
833,83.45,4,Simultaneous
833,38.28,3,Conflict
833,38.98,2,Conflict
833,99.97,4,Conflict
834,0.0,4,Simultaneous
834,56.13,3,Simultaneous
834,66.95,2,Simultaneous
834,92.95,3,Simultaneous
834,3.85,2,Conflict
834,10.99,2,Conflict
834,19.02,2,Conflict
834,23.76,4,Conflict
834,26.03,2,Conflict
834,26.83,3,Conflict
834,32.22,3,Conflict
834,64.76,3,Conflict
835,0.0,4,Simultaneous
835,13.5,4,Simultaneous
835,20.72,4,Simultaneous
835,77.09,3,Simultaneous
835,57.97,3,Conflict
835,94.53,3,Conflict
836,0.0,4,Simultaneous
836,51.47,3,Simultaneous
836,76.22,2,Simultaneous
836,82.49,2,Simultaneous
836,73.99,2,Conflict
837,0.0,4,Simultaneous
837,17.94,3,Simultaneous
837,42.06,2,Simultaneous
837,43.04,2,Simultaneous
837,58.41,2,Conflict
838,0.0,4,Simultaneous
838,7.0,2,Simultaneous
838,17.17,3,Simultaneous
838,44.98,2,Simultaneous
838,49.2,2,Simultaneous
838,98.42,3,Simultaneous
838,26.23,2,Conflict
838,33.12,3,Conflict
838,90.97,3,Conflict
839,0.0,4,Simultaneous
839,25.28,2,Simultaneous
839,39.66,2,Simultaneous
839,64.23,3,Simultaneous
839,30.68,2,Conflict
839,55.56,3,Conflict
839,59.2,3,Conflict
839,63.03,2,Conflict
839,82.63,2,Conflict
840,0.0,4,Simultaneous
840,6.71,2,Simultaneous
840,38.41,3,Simultaneous
840,80.02,3,Simultaneous
840,11.45,4,Conflict
840,84.06,2,Conflict
841,0.0,4,Simultaneous
841,63.41,2,Simultaneous
841,66.47,2,Simultaneous
841,73.88,2,Simultaneous
841,20.82,2,Conflict
841,82.63,2,Conflict
842,0.0,4,Simultaneous
842,12.9,3,Simultaneous
842,17.6,2,Simultaneous
842,81.87,2,Simultaneous
842,30.34,2,Conflict
843,0.0,4,Simultaneous
843,58.74,2,Simultaneous
843,61.49,4,Simultaneous
843,87.24,4,Simultaneous
843,55.9,2,Conflict
843,64.27,2,Conflict
843,83.18,2,Conflict
843,85.04,2,Conflict
844,0.0,4,Simultaneous
844,1.62,3,Simultaneous
844,79.51,2,Simultaneous
844,85.91,2,Simultaneous
844,20.63,2,Conflict
844,74.0,2,Conflict
844,84.06,2,Conflict
844,87.21,2,Conflict
845,0.0,4,Simultaneous
845,34.89,2,Simultaneous
845,55.04,2,Simultaneous
845,90.09,4,Simultaneous
845,59.15,2,Conflict
845,77.06,2,Conflict
846,0.0,4,Simultaneous
846,36.89,3,Simultaneous
846,49.12,2,Simultaneous
846,63.78,3,Simultaneous
846,25.84,2,Conflict
847,0.0,4,Simultaneous
847,21.52,2,Simultaneous
847,25.61,2,Simultaneous
847,38.98,2,Simultaneous
847,19.97,2,Conflict
847,69.09,2,Conflict
848,0.0,4,Simultaneous
848,16.07,4,Simultaneous
848,21.97,2,Simultaneous
848,66.04,3,Simultaneous
848,9.31,3,Conflict
849,0.0,4,Simultaneous
849,14.27,3,Simultaneous
849,71.55,2,Simultaneous
849,75.93,2,Simultaneous
850,0.0,4,Simultaneous
850,3.27,3,Simultaneous
850,36.56,4,Simultaneous
850,89.77,3,Simultaneous
850,78.63,2,Conflict
850,95.08,4,Conflict
851,0.0,4,Simultaneous
851,18.69,3,Simultaneous
851,30.11,2,Simultaneous
851,62.76,3,Simultaneous
851,37.64,4,Conflict
851,49.54,3,Conflict
851,60.88,2,Conflict
851,99.13,2,Conflict
852,0.0,4,Simultaneous
852,7.37,3,Simultaneous
852,8.59,3,Simultaneous
852,87.13,4,Simultaneous
852,41.65,2,Conflict
852,63.19,2,Conflict
853,0.0,4,Simultaneous
853,22.26,2,Simultaneous
853,43.28,2,Simultaneous
853,68.07,2,Simultaneous
853,73.04,3,Conflict
854,0.0,4,Simultaneous
854,30.81,2,Simultaneous
854,60.99,2,Simultaneous
854,86.68,3,Simultaneous
854,78.73,3,Conflict
855,0.0,4,Simultaneous
855,76.48,3,Simultaneous
855,93.88,4,Simultaneous
855,95.05,2,Simultaneous
856,0.0,4,Simultaneous
856,24.13,3,Simultaneous
856,49.8,3,Simultaneous
856,49.97,3,Simultaneous
857,0.0,4,Simultaneous
857,28.81,2,Simultaneous
857,29.68,2,Simultaneous
857,90.99,3,Simultaneous
857,47.77,2,Conflict
857,52.68,3,Conflict
858,0.0,4,Simultaneous
858,80.64,2,Simultaneous
858,93.13,4,Simultaneous
858,93.65,2,Simultaneous
858,15.57,4,Conflict
858,58.74,2,Conflict
859,0.0,4,Simultaneous
859,16.15,3,Simultaneous
859,21.33,2,Simultaneous
859,41.56,4,Simultaneous
859,73.33,3,Conflict
859,91.86,2,Conflict
860,0.0,4,Simultaneous
860,48.37,2,Simultaneous
860,92.74,3,Simultaneous
860,95.57,3,Simultaneous
860,11.11,3,Conflict
861,0.0,4,Simultaneous
861,33.02,2,Simultaneous
861,96.52,2,Simultaneous
861,99.96,3,Simultaneous
861,23.25,2,Conflict
861,59.92,2,Conflict
861,78.97,3,Conflict
861,85.92,2,Conflict
862,0.0,4,Simultaneous
862,0.66,2,Simultaneous
862,16.29,3,Simultaneous
862,34.49,2,Simultaneous
862,57.29,4,Conflict
862,66.96,2,Conflict
862,77.24,2,Conflict
863,0.0,4,Simultaneous
863,2.85,3,Simultaneous
863,6.03,2,Simultaneous
863,62.24,2,Simultaneous
863,93.51,3,Simultaneous
863,94.7,2,Simultaneous
863,1.07,2,Conflict
863,39.12,2,Conflict
863,47.26,2,Conflict
863,70.32,3,Conflict
863,87.28,2,Conflict
863,90.83,2,Conflict
863,95.09,3,Conflict
863,96.86,3,Conflict
863,98.01,2,Conflict
864,0.0,4,Simultaneous
864,18.83,3,Simultaneous
864,40.1,3,Simultaneous
864,66.04,3,Simultaneous
864,61.38,4,Conflict
865,0.0,4,Simultaneous
865,10.64,2,Simultaneous
865,34.54,2,Simultaneous
865,58.21,3,Simultaneous
866,0.0,4,Simultaneous
866,9.9,3,Simultaneous
866,45.31,2,Simultaneous
866,55.69,2,Simultaneous
866,97.6,2,Conflict
867,0.0,4,Simultaneous
867,47.77,2,Simultaneous
867,50.8,2,Simultaneous
867,54.18,3,Simultaneous
867,4.51,2,Conflict
867,38.05,2,Conflict
868,0.0,4,Simultaneous
868,14.71,3,Simultaneous
868,59.81,3,Simultaneous
868,65.34,3,Simultaneous
868,13.19,2,Conflict
868,99.89,4,Conflict
869,0.0,4,Simultaneous
869,44.23,2,Simultaneous
869,58.76,3,Simultaneous
869,96.36,4,Simultaneous
869,17.5,2,Conflict
869,26.08,3,Conflict
869,38.02,4,Conflict
869,55.61,2,Conflict
869,72.35,2,Conflict
869,87.21,2,Conflict
870,0.0,4,Simultaneous
870,4.49,3,Simultaneous
870,44.83,2,Simultaneous
870,63.33,2,Simultaneous
870,64.75,2,Simultaneous
870,74.32,3,Simultaneous
870,32.81,4,Conflict
870,65.87,3,Conflict
871,0.0,4,Simultaneous
871,65.34,2,Simultaneous
871,93.65,3,Simultaneous
871,96.99,3,Simultaneous
871,14.92,2,Conflict
871,23.38,3,Conflict
871,48.98,2,Conflict
871,64.54,2,Conflict
872,0.0,4,Simultaneous
872,41.36,3,Simultaneous
872,44.05,3,Simultaneous
872,69.7,2,Simultaneous
872,69.73,2,Simultaneous
872,69.75,2,Simultaneous
872,22.44,2,Conflict
872,39.53,2,Conflict
872,80.02,2,Conflict
872,96.16,4,Conflict
873,0.0,4,Simultaneous
873,62.81,3,Simultaneous
873,66.81,3,Simultaneous
873,90.68,2,Simultaneous
873,66.55,3,Conflict
873,80.4,3,Conflict
873,92.74,3,Conflict
873,92.9,3,Conflict
874,0.0,4,Simultaneous
874,26.03,3,Simultaneous
874,26.77,2,Simultaneous
874,43.03,2,Simultaneous
874,60.76,2,Conflict
875,0.0,4,Simultaneous
875,19.5,3,Simultaneous
875,35.63,3,Simultaneous
875,35.92,2,Simultaneous
875,18.57,2,Conflict
876,0.0,4,Simultaneous
876,30.34,2,Simultaneous
876,36.01,2,Simultaneous
876,98.45,3,Simultaneous
876,21.51,3,Conflict
876,44.87,2,Conflict
876,45.28,2,Conflict
876,53.81,2,Conflict
876,97.36,2,Conflict
877,0.0,4,Simultaneous
877,37.52,3,Simultaneous
877,46.83,4,Simultaneous
877,64.41,3,Simultaneous
877,66.47,2,Simultaneous
877,79.42,3,Simultaneous
877,13.75,4,Conflict
877,88.16,2,Conflict
878,0.0,4,Simultaneous
878,11.51,4,Simultaneous
878,17.58,3,Simultaneous
878,39.03,2,Simultaneous
878,58.77,2,Conflict
879,0.0,4,Simultaneous
879,51.02,2,Simultaneous
879,84.44,4,Simultaneous
879,99.3,2,Simultaneous
879,7.7,2,Conflict
879,49.04,2,Conflict
880,0.0,4,Simultaneous
880,31.52,2,Simultaneous
880,65.61,2,Simultaneous
880,95.98,2,Simultaneous
881,0.0,4,Simultaneous
881,25.82,3,Simultaneous
881,35.63,2,Simultaneous
881,84.64,3,Simultaneous
881,43.98,2,Conflict
881,52.27,3,Conflict
882,0.0,4,Simultaneous
882,5.86,2,Simultaneous
882,37.63,3,Simultaneous
882,72.01,4,Simultaneous
882,43.56,2,Conflict
882,48.66,3,Conflict
882,96.7,3,Conflict
883,0.0,4,Simultaneous
883,18.13,2,Simultaneous
883,57.9,2,Simultaneous
883,61.05,3,Simultaneous
883,31.62,2,Conflict
883,46.23,2,Conflict
884,0.0,4,Simultaneous
884,27.44,2,Simultaneous
884,32.64,2,Simultaneous
884,77.63,3,Simultaneous
884,56.97,3,Conflict
884,98.66,2,Conflict
885,0.0,4,Simultaneous
885,1.86,2,Simultaneous
885,30.91,2,Simultaneous
885,54.41,3,Simultaneous
886,0.0,4,Simultaneous
886,38.69,2,Simultaneous
886,60.71,3,Simultaneous
886,86.31,2,Simultaneous
886,1.43,2,Conflict
886,34.02,2,Conflict
886,78.86,2,Conflict
887,0.0,4,Simultaneous
887,54.1,2,Simultaneous
887,67.31,2,Simultaneous
887,68.18,3,Simultaneous
887,83.04,2,Simultaneous
887,90.09,2,Simultaneous
887,3.92,2,Conflict
887,52.04,3,Conflict
887,72.97,3,Conflict
887,86.21,3,Conflict
888,0.0,4,Simultaneous
888,1.49,3,Simultaneous
888,4.72,3,Simultaneous
888,20.56,2,Simultaneous
888,36.02,2,Simultaneous
888,54.31,2,Simultaneous
888,25.4,3,Conflict
888,32.27,2,Conflict
888,37.53,2,Conflict
888,37.63,2,Conflict
889,0.0,4,Simultaneous
889,7.77,3,Simultaneous
889,51.87,2,Simultaneous
889,90.15,4,Simultaneous
889,7.31,3,Conflict
890,0.0,4,Simultaneous
890,45.12,3,Simultaneous
890,45.5,3,Simultaneous
890,52.13,2,Simultaneous
891,0.0,4,Simultaneous
891,14.51,2,Simultaneous
891,63.52,2,Simultaneous
891,88.9,2,Simultaneous
891,20.77,3,Conflict
891,35.21,3,Conflict
891,37.38,2,Conflict
892,0.0,4,Simultaneous
892,11.35,2,Simultaneous
892,22.0,3,Simultaneous
892,87.58,2,Simultaneous
892,0.57,3,Conflict
892,23.58,2,Conflict
892,36.33,3,Conflict
892,45.33,2,Conflict
892,53.8,2,Conflict
892,59.23,2,Conflict
893,0.0,4,Simultaneous
893,55.9,2,Simultaneous
893,65.85,2,Simultaneous
893,94.12,2,Simultaneous
893,23.85,3,Conflict
893,35.81,4,Conflict
893,47.49,3,Conflict
893,57.94,3,Conflict
893,75.22,2,Conflict
894,0.0,4,Simultaneous
894,11.14,2,Simultaneous
894,55.57,2,Simultaneous
894,78.73,2,Simultaneous
894,9.82,2,Conflict
894,34.96,2,Conflict
894,37.77,4,Conflict
895,0.0,4,Simultaneous
895,5.04,3,Simultaneous
895,18.83,3,Simultaneous
895,80.45,2,Simultaneous
895,56.06,3,Conflict
895,75.24,2,Conflict
896,0.0,4,Simultaneous
896,37.86,2,Simultaneous
896,69.34,2,Simultaneous
896,74.94,2,Simultaneous
896,11.8,3,Conflict
896,12.43,2,Conflict
896,25.33,2,Conflict
897,0.0,4,Simultaneous
897,39.49,4,Simultaneous
897,46.12,2,Simultaneous
897,91.42,3,Simultaneous
897,54.18,2,Conflict
897,89.05,3,Conflict
897,92.92,4,Conflict
898,0.0,4,Simultaneous
898,23.38,2,Simultaneous
898,58.45,2,Simultaneous
898,63.42,2,Simultaneous
898,69.11,3,Simultaneous
898,97.74,2,Simultaneous
898,12.27,3,Conflict
898,31.78,2,Conflict
898,35.62,2,Conflict
898,90.46,3,Conflict
899,0.0,4,Simultaneous
899,36.43,4,Simultaneous
899,44.58,3,Simultaneous
899,53.5,3,Simultaneous
899,10.47,2,Conflict
899,10.79,3,Conflict
899,16.49,2,Conflict
899,23.74,2,Conflict
900,0.0,4,Simultaneous
900,19.02,3,Simultaneous
900,57.57,2,Simultaneous
900,86.37,3,Simultaneous
901,0.0,4,Simultaneous
901,35.14,3,Simultaneous
901,46.77,4,Simultaneous
901,80.09,2,Simultaneous
901,53.97,2,Conflict
902,0.0,4,Simultaneous
902,15.17,2,Simultaneous
902,29.76,2,Simultaneous
902,52.12,2,Simultaneous
903,0.0,4,Simultaneous
903,60.55,2,Simultaneous
903,73.22,2,Simultaneous
903,74.49,2,Simultaneous
903,5.51,2,Conflict
903,53.76,2,Conflict
903,54.49,3,Conflict
903,67.91,2,Conflict
903,84.35,2,Conflict
903,93.51,2,Conflict
904,0.0,4,Simultaneous
904,58.78,2,Simultaneous
904,66.34,3,Simultaneous
904,86.51,2,Simultaneous
904,55.56,3,Conflict
905,0.0,4,Simultaneous
905,6.99,3,Simultaneous
905,15.07,2,Simultaneous
905,30.34,3,Simultaneous
905,47.95,2,Conflict
906,0.0,4,Simultaneous
906,0.82,3,Simultaneous
906,37.3,2,Simultaneous
906,85.37,4,Simultaneous
906,5.95,4,Conflict
906,19.42,3,Conflict
906,28.46,3,Conflict
906,89.89,3,Conflict
906,97.6,3,Conflict
907,0.0,4,Simultaneous
907,11.14,3,Simultaneous
907,45.15,2,Simultaneous
907,57.01,2,Simultaneous
907,62.6,2,Simultaneous
907,82.35,4,Simultaneous
907,57.39,3,Conflict
907,79.68,4,Conflict
908,0.0,4,Simultaneous
908,41.95,2,Simultaneous
908,50.81,2,Simultaneous
908,72.96,4,Simultaneous
908,7.28,4,Conflict
908,99.42,4,Conflict
909,0.0,4,Simultaneous
909,6.03,2,Simultaneous
909,59.51,2,Simultaneous
909,79.73,2,Simultaneous
909,34.94,2,Conflict
909,75.3,3,Conflict
909,92.81,2,Conflict
910,0.0,4,Simultaneous
910,25.84,3,Simultaneous
910,67.09,3,Simultaneous
910,84.47,3,Simultaneous
911,0.0,4,Simultaneous
911,2.41,3,Simultaneous
911,74.22,4,Simultaneous
911,88.05,2,Simultaneous
911,12.2,2,Conflict
911,78.1,2,Conflict
912,0.0,4,Simultaneous
912,40.62,2,Simultaneous
912,69.65,2,Simultaneous
912,71.02,2,Simultaneous
912,43.28,4,Conflict
912,61.98,2,Conflict
913,0.0,4,Simultaneous
913,1.58,3,Simultaneous
913,24.62,4,Simultaneous
913,65.05,2,Simultaneous
913,11.51,2,Conflict
913,56.56,2,Conflict
913,63.67,4,Conflict
913,91.98,2,Conflict
914,0.0,4,Simultaneous
914,31.78,2,Simultaneous
914,47.82,3,Simultaneous
914,84.35,3,Simultaneous
914,28.42,4,Conflict
914,31.62,2,Conflict
914,86.51,2,Conflict
915,0.0,4,Simultaneous
915,14.49,3,Simultaneous
915,22.44,2,Simultaneous
915,26.23,3,Simultaneous
915,44.58,3,Simultaneous
915,67.47,3,Simultaneous
915,6.81,2,Conflict
915,7.52,2,Conflict
915,18.55,3,Conflict
915,20.91,2,Conflict
915,39.82,4,Conflict
915,43.11,3,Conflict
915,44.65,2,Conflict
915,73.16,2,Conflict
915,76.2,2,Conflict
916,0.0,4,Simultaneous
916,33.01,4,Simultaneous
916,59.44,4,Simultaneous
916,91.59,3,Simultaneous
916,12.4,2,Conflict
916,33.16,3,Conflict
916,41.61,2,Conflict
917,0.0,4,Simultaneous
917,4.15,2,Simultaneous
917,41.07,3,Simultaneous
917,55.08,3,Simultaneous
917,93.71,2,Conflict
918,0.0,4,Simultaneous
918,66.81,2,Simultaneous
918,76.14,3,Simultaneous
918,95.36,3,Simultaneous
918,98.73,2,Conflict
919,0.0,4,Simultaneous
919,7.56,3,Simultaneous
919,23.06,2,Simultaneous
919,81.53,4,Simultaneous
919,99.55,2,Conflict
920,0.0,4,Simultaneous
920,35.78,3,Simultaneous
920,48.92,2,Simultaneous
920,54.31,2,Simultaneous
920,11.8,2,Conflict
920,26.02,2,Conflict
921,0.0,4,Simultaneous
921,5.6,2,Simultaneous
921,90.81,2,Simultaneous
921,94.53,3,Simultaneous
921,9.07,2,Conflict
921,34.23,3,Conflict
921,51.3,2,Conflict
921,51.51,3,Conflict
921,56.79,2,Conflict
922,0.0,4,Simultaneous
922,70.77,2,Simultaneous
922,80.11,2,Simultaneous
922,80.34,2,Simultaneous
922,81.56,3,Simultaneous
922,91.93,2,Simultaneous
922,7.4,3,Conflict
922,52.5,3,Conflict
922,57.43,2,Conflict
922,98.7,2,Conflict
923,0.0,4,Simultaneous
923,1.38,2,Simultaneous
923,15.47,2,Simultaneous
923,45.28,2,Simultaneous
924,0.0,4,Simultaneous
924,16.02,3,Simultaneous
924,58.79,2,Simultaneous
924,91.71,2,Simultaneous
924,10.99,2,Conflict
924,17.12,3,Conflict
924,18.57,3,Conflict
924,25.28,3,Conflict
924,38.0,3,Conflict
924,40.66,3,Conflict
924,49.54,3,Conflict
925,0.0,4,Simultaneous
925,36.37,2,Simultaneous
925,54.4,3,Simultaneous
925,80.94,2,Simultaneous
926,0.0,4,Simultaneous
926,24.58,2,Simultaneous
926,78.86,4,Simultaneous
926,98.01,2,Simultaneous
926,4.22,2,Conflict
926,10.39,2,Conflict
926,26.77,2,Conflict
926,29.07,2,Conflict
926,32.24,3,Conflict
926,33.63,4,Conflict
926,77.65,2,Conflict
926,78.46,3,Conflict
926,95.82,2,Conflict
927,0.0,4,Simultaneous
927,2.58,2,Simultaneous
927,11.79,3,Simultaneous
927,71.76,3,Simultaneous
927,58.21,2,Conflict
927,62.11,2,Conflict
927,62.13,3,Conflict
928,0.0,4,Simultaneous
928,45.5,2,Simultaneous
928,52.55,3,Simultaneous
928,54.1,2,Simultaneous
928,72.36,3,Simultaneous
928,80.14,3,Simultaneous
928,6.49,2,Conflict
928,11.98,2,Conflict
928,30.29,4,Conflict
928,39.9,3,Conflict
928,67.91,2,Conflict
929,0.0,4,Simultaneous
929,21.45,2,Simultaneous
929,27.59,2,Simultaneous
929,81.11,3,Simultaneous
929,6.16,2,Conflict
929,7.34,2,Conflict
930,0.0,4,Simultaneous
930,35.78,3,Simultaneous
930,62.45,2,Simultaneous
930,70.89,2,Simultaneous
930,13.61,2,Conflict
930,59.62,2,Conflict
930,59.9,2,Conflict
930,81.77,2,Conflict
930,88.87,2,Conflict
931,0.0,4,Simultaneous
931,2.42,3,Simultaneous
931,60.35,2,Simultaneous
931,97.35,3,Simultaneous
931,58.96,2,Conflict
931,85.72,3,Conflict
932,0.0,4,Simultaneous
932,27.73,3,Simultaneous
932,48.41,2,Simultaneous
932,49.36,2,Simultaneous
932,37.21,2,Conflict
932,59.62,2,Conflict
933,0.0,4,Simultaneous
933,7.23,2,Simultaneous
933,7.87,2,Simultaneous
933,34.6,2,Simultaneous
933,61.29,3,Conflict
933,77.39,4,Conflict
934,0.0,4,Simultaneous
934,3.66,3,Simultaneous
934,7.8,3,Simultaneous
934,44.7,2,Simultaneous
935,0.0,4,Simultaneous
935,72.78,2,Simultaneous
935,80.78,4,Simultaneous
935,86.38,3,Simultaneous
935,78.63,2,Conflict
935,82.05,2,Conflict
936,0.0,4,Simultaneous
936,2.58,2,Simultaneous
936,87.45,3,Simultaneous
936,99.39,3,Simultaneous
936,85.9,2,Conflict
937,0.0,4,Simultaneous
937,27.11,3,Simultaneous
937,39.18,2,Simultaneous
937,52.04,3,Simultaneous
937,86.62,2,Conflict
938,0.0,4,Simultaneous
938,2.4,4,Simultaneous
938,44.76,3,Simultaneous
938,89.08,3,Simultaneous
938,78.19,2,Conflict
939,0.0,4,Simultaneous
939,31.74,2,Simultaneous
939,65.11,2,Simultaneous
939,72.78,3,Simultaneous
939,28.06,2,Conflict
939,32.77,2,Conflict
940,0.0,4,Simultaneous
940,23.32,3,Simultaneous
940,40.15,2,Simultaneous
940,44.22,2,Simultaneous
940,75.31,4,Conflict
941,0.0,4,Simultaneous
941,58.04,3,Simultaneous
941,60.23,2,Simultaneous
941,69.5,2,Simultaneous
941,10.63,2,Conflict
941,34.72,2,Conflict
941,58.9,3,Conflict
941,89.91,2,Conflict
942,0.0,4,Simultaneous
942,22.43,3,Simultaneous
942,64.28,2,Simultaneous
942,83.66,2,Simultaneous
942,39.23,2,Conflict
942,79.08,2,Conflict
943,0.0,4,Simultaneous
943,9.17,2,Simultaneous
943,34.88,3,Simultaneous
943,37.24,2,Simultaneous
943,61.29,2,Conflict
943,88.78,2,Conflict
944,0.0,4,Simultaneous
944,39.62,2,Simultaneous
944,50.08,4,Simultaneous
944,75.99,4,Simultaneous
944,16.61,2,Conflict
944,17.3,2,Conflict
944,30.97,4,Conflict
944,31.53,3,Conflict
944,32.96,2,Conflict
945,0.0,4,Simultaneous
945,32.88,2,Simultaneous
945,35.38,2,Simultaneous
945,96.95,2,Simultaneous
945,73.03,2,Conflict
946,0.0,4,Simultaneous
946,18.06,2,Simultaneous
946,28.84,3,Simultaneous
946,46.77,3,Simultaneous
946,68.17,2,Simultaneous
946,73.22,3,Simultaneous
946,5.01,2,Conflict
946,43.41,2,Conflict
947,0.0,4,Simultaneous
947,11.51,2,Simultaneous
947,60.51,2,Simultaneous
947,74.04,2,Simultaneous
947,48.11,2,Conflict
947,61.16,3,Conflict
947,76.58,2,Conflict
948,0.0,4,Simultaneous
948,0.63,3,Simultaneous
948,68.41,2,Simultaneous
948,70.95,3,Simultaneous
948,74.96,2,Simultaneous
948,98.78,2,Simultaneous
948,12.17,4,Conflict
948,14.65,2,Conflict
948,42.16,3,Conflict
948,47.42,2,Conflict
948,53.39,3,Conflict
948,62.92,3,Conflict
948,97.39,3,Conflict
949,0.0,4,Simultaneous
949,69.06,2,Simultaneous
949,78.48,3,Simultaneous
949,97.01,2,Simultaneous
949,59.24,4,Conflict
949,93.35,2,Conflict
950,0.0,4,Simultaneous
950,55.76,2,Simultaneous
950,60.84,3,Simultaneous
950,67.34,2,Simultaneous
950,16.5,3,Conflict
951,0.0,4,Simultaneous
951,38.7,3,Simultaneous
951,62.46,2,Simultaneous
951,80.09,2,Simultaneous
951,36.14,2,Conflict
951,41.05,3,Conflict
951,44.95,3,Conflict
952,0.0,4,Simultaneous
952,2.75,2,Simultaneous
952,12.5,2,Simultaneous
952,15.55,3,Simultaneous
952,19.98,4,Conflict
952,37.09,2,Conflict
953,0.0,4,Simultaneous
953,62.95,2,Simultaneous
953,89.36,2,Simultaneous
953,95.21,2,Simultaneous
953,69.52,2,Conflict
954,0.0,4,Simultaneous
954,46.79,3,Simultaneous
954,72.84,3,Simultaneous
954,77.39,3,Simultaneous
954,2.41,4,Conflict
954,28.24,2,Conflict
955,0.0,4,Simultaneous
955,46.31,2,Simultaneous
955,61.38,2,Simultaneous
955,69.62,2,Simultaneous
955,31.38,2,Conflict
956,0.0,4,Simultaneous
956,8.03,3,Simultaneous
956,88.88,2,Simultaneous
956,92.9,3,Simultaneous
956,28.56,3,Conflict
956,53.13,2,Conflict
956,86.08,2,Conflict
957,0.0,4,Simultaneous
957,42.84,2,Simultaneous
957,52.58,2,Simultaneous
957,76.06,2,Simultaneous
957,36.33,2,Conflict
958,0.0,4,Simultaneous
958,30.16,3,Simultaneous
958,51.74,2,Simultaneous
958,97.01,2,Simultaneous
958,12.5,3,Conflict
958,33.47,2,Conflict
958,67.87,2,Conflict
959,0.0,4,Simultaneous
959,25.66,2,Simultaneous
959,62.58,2,Simultaneous
959,82.56,4,Simultaneous
959,60.77,2,Conflict
959,99.65,3,Conflict
960,0.0,4,Simultaneous
960,43.03,2,Simultaneous
960,48.39,3,Simultaneous
960,49.52,2,Simultaneous
960,14.55,2,Conflict
960,37.42,4,Conflict
961,0.0,4,Simultaneous
961,42.9,3,Simultaneous
961,53.46,3,Simultaneous
961,70.7,3,Simultaneous
961,42.06,3,Conflict
961,68.71,2,Conflict
961,68.96,2,Conflict
961,94.64,2,Conflict
962,0.0,4,Simultaneous
962,1.14,2,Simultaneous
962,16.9,3,Simultaneous
962,17.05,3,Simultaneous
962,80.6,3,Simultaneous
962,93.66,3,Simultaneous
962,12.59,3,Conflict
962,17.3,2,Conflict
962,21.96,3,Conflict
962,74.52,2,Conflict
962,83.22,2,Conflict
962,97.55,2,Conflict
963,0.0,4,Simultaneous
963,42.26,3,Simultaneous
963,88.09,2,Simultaneous
963,95.83,2,Simultaneous
963,23.63,3,Conflict
963,53.48,3,Conflict
963,60.36,2,Conflict
963,97.59,4,Conflict
964,0.0,4,Simultaneous
964,60.23,2,Simultaneous
964,68.08,2,Simultaneous
964,88.52,3,Simultaneous
964,10.99,2,Conflict
964,41.87,3,Conflict
965,0.0,4,Simultaneous
965,63.37,2,Simultaneous
965,68.41,4,Simultaneous
965,77.75,3,Simultaneous
965,30.66,2,Conflict
965,50.4,2,Conflict
965,58.28,3,Conflict
965,69.75,2,Conflict
965,86.8,2,Conflict
966,0.0,4,Simultaneous
966,19.11,2,Simultaneous
966,35.12,3,Simultaneous
966,49.92,2,Simultaneous
966,15.12,2,Conflict
966,20.3,2,Conflict
966,55.47,2,Conflict
966,67.03,2,Conflict
967,0.0,4,Simultaneous
967,12.32,2,Simultaneous
967,80.19,3,Simultaneous
967,93.84,3,Simultaneous
967,20.26,3,Conflict
967,31.83,2,Conflict
967,32.55,3,Conflict
967,63.58,2,Conflict
967,69.36,2,Conflict
968,0.0,4,Simultaneous
968,10.53,2,Simultaneous
968,74.52,2,Simultaneous
968,99.49,3,Simultaneous
968,22.99,2,Conflict
968,60.25,4,Conflict
969,0.0,4,Simultaneous
969,10.99,2,Simultaneous
969,78.45,3,Simultaneous
969,81.55,2,Simultaneous
969,93.48,3,Simultaneous
969,99.96,3,Simultaneous
970,0.0,4,Simultaneous
970,40.03,2,Simultaneous
970,46.21,2,Simultaneous
970,78.49,2,Simultaneous
970,13.25,4,Conflict
970,20.15,3,Conflict
970,20.26,2,Conflict
970,52.51,3,Conflict
970,72.85,4,Conflict
970,85.58,2,Conflict
970,99.49,2,Conflict
971,0.0,4,Simultaneous
971,5.84,2,Simultaneous
971,9.16,2,Simultaneous
971,82.33,3,Simultaneous
971,16.02,3,Conflict
971,59.97,4,Conflict
971,72.06,4,Conflict
972,0.0,4,Simultaneous
972,25.25,2,Simultaneous
972,44.98,4,Simultaneous
972,46.12,2,Simultaneous
972,28.93,2,Conflict
972,66.67,3,Conflict
972,68.38,2,Conflict
972,87.18,2,Conflict
972,96.17,3,Conflict
973,0.0,4,Simultaneous
973,32.1,2,Simultaneous
973,61.9,2,Simultaneous
973,63.13,2,Simultaneous
973,15.59,2,Conflict
973,15.8,3,Conflict
974,0.0,4,Simultaneous
974,47.38,2,Simultaneous
974,80.51,3,Simultaneous
974,99.96,2,Simultaneous
974,7.0,2,Conflict
974,19.05,2,Conflict
974,69.77,4,Conflict
975,0.0,4,Simultaneous
975,7.31,3,Simultaneous
975,59.63,2,Simultaneous
975,88.8,2,Simultaneous
975,5.54,2,Conflict
975,75.51,3,Conflict
975,89.85,2,Conflict
976,0.0,4,Simultaneous
976,20.89,3,Simultaneous
976,27.77,4,Simultaneous
976,76.34,2,Simultaneous
976,8.48,3,Conflict
976,11.77,4,Conflict
976,49.02,2,Conflict
976,51.36,3,Conflict
977,0.0,4,Simultaneous
977,1.19,3,Simultaneous
977,39.82,2,Simultaneous
977,49.61,3,Simultaneous
977,16.9,2,Conflict
977,52.1,2,Conflict
977,96.03,2,Conflict
978,0.0,4,Simultaneous
978,4.18,2,Simultaneous
978,18.6,2,Simultaneous
978,63.37,3,Simultaneous
978,8.52,2,Conflict
978,19.75,2,Conflict
978,48.0,2,Conflict
979,0.0,4,Simultaneous
979,6.24,2,Simultaneous
979,7.41,2,Simultaneous
979,75.8,2,Simultaneous
979,4.51,2,Conflict
979,26.4,2,Conflict
979,37.3,3,Conflict
979,67.96,4,Conflict
979,77.39,4,Conflict
980,0.0,4,Simultaneous
980,50.94,2,Simultaneous
980,71.32,2,Simultaneous
980,78.35,2,Simultaneous
980,54.8,2,Conflict
980,69.09,2,Conflict
981,0.0,4,Simultaneous
981,21.03,3,Simultaneous
981,26.89,3,Simultaneous
981,52.88,3,Simultaneous
982,0.0,4,Simultaneous
982,20.98,2,Simultaneous
982,39.23,3,Simultaneous
982,67.55,2,Simultaneous
982,23.21,2,Conflict
982,39.55,2,Conflict
982,50.06,3,Conflict
982,51.03,2,Conflict
982,87.45,2,Conflict
983,0.0,4,Simultaneous
983,23.61,2,Simultaneous
983,67.78,3,Simultaneous
983,77.5,2,Simultaneous
984,0.0,4,Simultaneous
984,16.04,2,Simultaneous
984,76.2,2,Simultaneous
984,93.49,2,Simultaneous
985,0.0,4,Simultaneous
985,7.98,3,Simultaneous
985,43.25,2,Simultaneous
985,75.26,2,Simultaneous
985,45.33,2,Conflict
985,69.87,3,Conflict
986,0.0,4,Simultaneous
986,5.64,2,Simultaneous
986,31.68,3,Simultaneous
986,87.34,4,Simultaneous
986,62.15,2,Conflict
986,67.39,2,Conflict
987,0.0,4,Simultaneous
987,35.93,2,Simultaneous
987,46.04,2,Simultaneous
987,89.76,3,Simultaneous
987,26.77,2,Conflict
988,0.0,4,Simultaneous
988,23.86,2,Simultaneous
988,26.08,2,Simultaneous
988,45.36,4,Simultaneous
988,77.78,2,Conflict
989,0.0,4,Simultaneous
989,7.36,3,Simultaneous
989,18.62,3,Simultaneous
989,28.87,4,Simultaneous
989,70.96,3,Conflict
989,83.24,4,Conflict
989,95.83,2,Conflict
990,0.0,4,Simultaneous
990,3.73,2,Simultaneous
990,6.16,4,Simultaneous
990,96.99,2,Simultaneous
990,36.02,3,Conflict
990,63.78,3,Conflict
990,99.49,2,Conflict
991,0.0,4,Simultaneous
991,33.22,2,Simultaneous
991,34.54,4,Simultaneous
991,86.89,3,Simultaneous
991,50.69,3,Conflict
992,0.0,4,Simultaneous
992,18.12,2,Simultaneous
992,57.99,2,Simultaneous
992,96.52,4,Simultaneous
992,2.29,2,Conflict
992,56.18,3,Conflict
992,82.1,3,Conflict
992,99.12,3,Conflict
993,0.0,4,Simultaneous
993,22.99,4,Simultaneous
993,34.86,2,Simultaneous
993,58.55,4,Simultaneous
994,0.0,4,Simultaneous
994,9.59,2,Simultaneous
994,14.44,2,Simultaneous
994,86.86,3,Simultaneous
994,2.7,2,Conflict
994,3.35,2,Conflict
994,55.66,2,Conflict
994,57.9,3,Conflict
994,88.44,2,Conflict
995,0.0,4,Simultaneous
995,1.33,2,Simultaneous
995,40.07,2,Simultaneous
995,49.49,2,Simultaneous
996,0.0,4,Simultaneous
996,21.1,3,Simultaneous
996,47.03,3,Simultaneous
996,87.36,3,Simultaneous
996,82.12,2,Conflict
997,0.0,4,Simultaneous
997,1.52,3,Simultaneous
997,2.33,4,Simultaneous
997,5.91,2,Simultaneous
997,17.31,3,Conflict
997,50.31,2,Conflict
997,66.89,3,Conflict
998,0.0,4,Simultaneous
998,15.43,2,Simultaneous
998,19.2,2,Simultaneous
998,79.0,2,Simultaneous
999,0.0,4,Simultaneous
999,2.68,2,Simultaneous
999,4.46,2,Simultaneous
999,40.49,3,Simultaneous
999,11.16,4,Conflict
999,18.87,3,Conflict
999,43.1,2,Conflict
999,52.05,2,Conflict
999,95.69,2,Conflict
1000,0.0,4,Simultaneous
1000,33.84,3,Simultaneous
1000,54.65,3,Simultaneous
1000,96.93,2,Simultaneous
1000,32.77,3,Conflict
1000,42.81,2,Conflict
1000,86.21,2,Conflict
1001,0.0,4,Simultaneous
1001,62.2,4,Simultaneous
1001,66.85,3,Simultaneous
1001,80.81,2,Simultaneous
1001,13.21,2,Conflict
1001,78.8,3,Conflict
1002,0.0,4,Simultaneous
1002,34.9,2,Simultaneous
1002,48.86,2,Simultaneous
1002,63.32,3,Simultaneous
1002,69.24,3,Conflict
1003,0.0,4,Simultaneous
1003,34.06,2,Simultaneous
1003,60.39,2,Simultaneous
1003,99.57,2,Simultaneous
1003,40.0,2,Conflict
1003,48.71,3,Conflict
1004,0.0,4,Simultaneous
1004,0.7,2,Simultaneous
1004,34.37,3,Simultaneous
1004,49.88,2,Simultaneous
1004,7.67,2,Conflict
1004,18.69,2,Conflict
1004,22.6,3,Conflict
1004,50.77,4,Conflict
1005,0.0,4,Simultaneous
1005,23.58,4,Simultaneous
1005,39.96,2,Simultaneous
1005,86.14,2,Simultaneous
1005,26.05,3,Conflict
1005,33.16,2,Conflict
1005,44.2,2,Conflict
1005,62.48,2,Conflict
1005,82.84,2,Conflict
1006,0.0,4,Simultaneous
1006,12.87,3,Simultaneous
1006,26.5,2,Simultaneous
1006,34.22,3,Simultaneous
1007,0.0,4,Simultaneous
1007,7.68,2,Simultaneous
1007,58.96,2,Simultaneous
1007,95.59,2,Simultaneous
1007,43.48,3,Conflict
1007,43.53,4,Conflict
1007,47.49,2,Conflict
1007,62.45,4,Conflict
1007,63.41,2,Conflict
1007,87.14,2,Conflict
1007,88.8,2,Conflict
1008,0.0,4,Simultaneous
1008,13.65,3,Simultaneous
1008,21.83,2,Simultaneous
1008,25.3,2,Simultaneous
1008,28.46,2,Simultaneous
1008,57.22,3,Simultaneous
1008,59.77,2,Conflict
1008,62.52,2,Conflict
1008,96.38,4,Conflict
1009,0.0,4,Simultaneous
1009,17.24,4,Simultaneous
1009,22.0,3,Simultaneous
1009,45.5,3,Simultaneous
1009,15.67,2,Conflict
1009,22.66,2,Conflict
1009,51.51,2,Conflict
1010,0.0,4,Simultaneous
1010,9.66,2,Simultaneous
1010,15.81,2,Simultaneous
1010,55.64,4,Simultaneous
1010,52.39,2,Conflict
1010,59.83,3,Conflict
1010,97.74,3,Conflict
1011,0.0,4,Simultaneous
1011,18.34,2,Simultaneous
1011,27.07,3,Simultaneous
1011,51.37,3,Simultaneous
1011,20.8,2,Conflict
1011,23.99,2,Conflict
1011,30.97,2,Conflict
1011,46.52,2,Conflict
1011,55.18,2,Conflict
1011,61.49,3,Conflict
1011,67.74,3,Conflict
1012,0.0,4,Simultaneous
1012,39.23,2,Simultaneous
1012,40.48,3,Simultaneous
1012,93.51,2,Simultaneous
1012,65.91,4,Conflict
1013,0.0,4,Simultaneous
1013,19.98,4,Simultaneous
1013,29.81,2,Simultaneous
1013,69.36,2,Simultaneous
1013,44.31,2,Conflict
1014,0.0,4,Simultaneous
1014,41.07,2,Simultaneous
1014,58.65,2,Simultaneous
1014,98.36,3,Simultaneous
1015,0.0,4,Simultaneous
1015,26.23,2,Simultaneous
1015,46.1,3,Simultaneous
1015,79.26,2,Simultaneous
1015,34.39,3,Conflict
1015,80.78,3,Conflict
1016,0.0,4,Simultaneous
1016,26.69,2,Simultaneous
1016,46.21,2,Simultaneous
1016,99.55,2,Simultaneous
1016,1.47,3,Conflict
1016,48.47,2,Conflict
1016,62.49,2,Conflict
1016,74.49,4,Conflict
1017,0.0,4,Simultaneous
1017,31.28,2,Simultaneous
1017,31.64,3,Simultaneous
1017,59.01,2,Simultaneous
1017,69.71,3,Simultaneous
1017,89.85,2,Simultaneous
1017,31.55,2,Conflict
1017,62.55,2,Conflict
1018,0.0,4,Simultaneous
1018,19.98,2,Simultaneous
1018,32.02,2,Simultaneous
1018,47.07,3,Simultaneous
1019,0.0,4,Simultaneous
1019,27.56,2,Simultaneous
1019,63.28,3,Simultaneous
1019,97.35,2,Simultaneous
1019,6.71,3,Conflict
1019,23.76,3,Conflict
1020,0.0,4,Simultaneous
1020,8.69,2,Simultaneous
1020,51.02,2,Simultaneous
1020,68.42,3,Simultaneous
1020,27.58,2,Conflict
1020,58.04,2,Conflict
1021,0.0,4,Simultaneous
1021,1.28,4,Simultaneous
1021,3.6,2,Simultaneous
1021,43.0,3,Simultaneous
1021,80.59,3,Simultaneous
1021,94.2,2,Simultaneous
1021,3.03,2,Conflict
1021,16.99,2,Conflict
1022,0.0,4,Simultaneous
1022,49.52,2,Simultaneous
1022,53.81,2,Simultaneous
1022,70.96,2,Simultaneous
1023,0.0,4,Simultaneous
1023,79.93,4,Simultaneous
1023,79.98,2,Simultaneous
1023,93.94,4,Simultaneous
1023,83.3,2,Conflict
1024,0.0,4,Simultaneous
1024,40.2,2,Simultaneous
1024,79.11,2,Simultaneous
1024,96.38,3,Simultaneous
1024,10.63,3,Conflict
1024,27.4,2,Conflict
1024,76.27,2,Conflict
1024,98.38,2,Conflict
1025,0.0,4,Simultaneous
1025,8.81,2,Simultaneous
1025,14.51,3,Simultaneous
1025,50.4,2,Simultaneous
1025,67.4,3,Simultaneous
1025,71.97,2,Simultaneous
1025,25.28,2,Conflict
1025,72.6,2,Conflict
1025,75.2,2,Conflict
1025,78.63,3,Conflict
1025,79.26,3,Conflict
1025,85.19,3,Conflict
1025,95.23,2,Conflict
1026,0.0,4,Simultaneous
1026,42.71,3,Simultaneous
1026,85.91,2,Simultaneous
1026,96.93,2,Simultaneous
1026,6.61,3,Conflict
1026,38.87,3,Conflict
1027,0.0,4,Simultaneous
1027,50.09,3,Simultaneous
1027,75.75,3,Simultaneous
1027,80.4,4,Simultaneous
1027,30.6,2,Conflict
1027,49.95,2,Conflict
1027,56.19,2,Conflict
1027,57.29,2,Conflict
1027,69.28,2,Conflict
1027,80.1,3,Conflict
1027,94.08,2,Conflict
1028,0.0,4,Simultaneous
1028,23.62,2,Simultaneous
1028,55.74,2,Simultaneous
1028,74.52,4,Simultaneous
1028,22.44,2,Conflict
1028,62.13,3,Conflict
1029,0.0,4,Simultaneous
1029,23.08,3,Simultaneous
1029,48.32,2,Simultaneous
1029,90.29,3,Simultaneous
1029,24.53,3,Conflict
1029,54.68,4,Conflict
1029,83.06,2,Conflict
1030,0.0,4,Simultaneous
1030,16.42,4,Simultaneous
1030,35.82,3,Simultaneous
1030,79.65,2,Simultaneous
1030,28.92,3,Conflict
1030,80.45,3,Conflict
1030,91.01,3,Conflict
1031,0.0,4,Simultaneous
1031,49.2,2,Simultaneous
1031,67.39,2,Simultaneous
1031,80.91,4,Simultaneous
1032,0.0,4,Simultaneous
1032,3.12,2,Simultaneous
1032,9.33,3,Simultaneous
1032,34.86,4,Simultaneous
1032,7.19,2,Conflict
1032,20.07,2,Conflict
1032,39.81,2,Conflict
1032,43.81,2,Conflict
1032,97.61,3,Conflict
1033,0.0,4,Simultaneous
1033,18.52,2,Simultaneous
1033,31.32,2,Simultaneous
1033,82.73,3,Simultaneous
1034,0.0,4,Simultaneous
1034,6.73,3,Simultaneous
1034,82.76,3,Simultaneous
1034,87.14,3,Simultaneous
1034,8.32,4,Conflict
1034,83.37,2,Conflict
1035,0.0,4,Simultaneous
1035,82.84,2,Simultaneous
1035,85.29,4,Simultaneous
1035,99.33,3,Simultaneous
1035,0.51,2,Conflict
1035,47.49,2,Conflict
1035,90.47,2,Conflict
1036,0.0,4,Simultaneous
1036,13.13,2,Simultaneous
1036,55.34,2,Simultaneous
1036,76.28,3,Simultaneous
1036,7.74,2,Conflict
1036,49.04,2,Conflict
1036,51.51,2,Conflict
1037,0.0,4,Simultaneous
1037,12.58,2,Simultaneous
1037,41.56,2,Simultaneous
1037,42.01,3,Simultaneous
1037,76.34,2,Simultaneous
1037,83.73,4,Simultaneous
1037,34.22,2,Conflict
1037,55.6,3,Conflict
1037,56.29,3,Conflict
1037,71.77,3,Conflict
1037,79.69,3,Conflict
1038,0.0,4,Simultaneous
1038,6.82,2,Simultaneous
1038,23.63,2,Simultaneous
1038,26.2,3,Simultaneous
1038,41.94,2,Simultaneous
1038,96.55,3,Simultaneous
1038,2.93,2,Conflict
1038,74.78,3,Conflict
1039,0.0,4,Simultaneous
1039,8.87,2,Simultaneous
1039,20.03,2,Simultaneous
1039,43.28,3,Simultaneous
1040,0.0,4,Simultaneous
1040,33.84,3,Simultaneous
1040,49.52,3,Simultaneous
1040,50.69,2,Simultaneous
1040,54.92,3,Conflict
1040,56.79,4,Conflict
1040,81.06,2,Conflict
1040,87.73,2,Conflict
1040,98.41,2,Conflict
1041,0.0,4,Simultaneous
1041,41.52,3,Simultaneous
1041,46.44,3,Simultaneous
1041,67.78,2,Simultaneous
1041,91.37,2,Conflict
1042,0.0,4,Simultaneous
1042,35.41,2,Simultaneous
1042,43.77,2,Simultaneous
1042,48.77,3,Simultaneous
1042,43.53,2,Conflict
1042,69.02,3,Conflict
1042,70.86,3,Conflict
1042,78.09,3,Conflict
1043,0.0,4,Simultaneous
1043,19.9,3,Simultaneous
1043,28.04,4,Simultaneous
1043,31.07,2,Simultaneous
1043,15.12,2,Conflict
1043,35.8,4,Conflict
1043,68.55,2,Conflict
1043,82.0,2,Conflict
1044,0.0,4,Simultaneous
1044,5.66,2,Simultaneous
1044,77.65,2,Simultaneous
1044,81.09,3,Simultaneous
1044,10.63,2,Conflict
1044,49.14,2,Conflict
1044,59.89,3,Conflict
1044,60.49,3,Conflict
1044,68.97,3,Conflict
1044,78.48,2,Conflict
1044,99.57,3,Conflict
1045,0.0,4,Simultaneous
1045,80.92,2,Simultaneous
1045,91.5,2,Simultaneous
1045,94.34,4,Simultaneous
1045,25.81,2,Conflict
1046,0.0,4,Simultaneous
1046,30.01,4,Simultaneous
1046,70.69,2,Simultaneous
1046,80.49,3,Simultaneous
1046,27.78,3,Conflict
1046,80.46,2,Conflict
1047,0.0,4,Simultaneous
1047,55.76,2,Simultaneous
1047,61.53,2,Simultaneous
1047,62.61,2,Simultaneous
1047,69.55,3,Conflict
1047,80.54,3,Conflict
1047,94.14,2,Conflict
1048,0.0,4,Simultaneous
1048,24.12,2,Simultaneous
1048,44.18,3,Simultaneous
1048,53.76,2,Simultaneous
1048,32.87,2,Conflict
1048,68.49,2,Conflict
1048,86.93,3,Conflict
1048,89.84,2,Conflict
1049,0.0,4,Simultaneous
1049,40.54,2,Simultaneous
1049,53.63,3,Simultaneous
1049,84.78,2,Simultaneous
1049,66.05,4,Conflict
1050,0.0,4,Simultaneous
1050,52.37,2,Simultaneous
1050,63.82,3,Simultaneous
1050,67.65,3,Simultaneous
1050,29.98,2,Conflict
1051,0.0,4,Simultaneous
1051,7.74,2,Simultaneous
1051,9.95,3,Simultaneous
1051,20.58,2,Simultaneous
1051,82.0,3,Conflict
1052,0.0,4,Simultaneous
1052,39.49,2,Simultaneous
1052,43.32,3,Simultaneous
1052,75.52,2,Simultaneous
1052,49.77,2,Conflict
1053,0.0,4,Simultaneous
1053,15.68,2,Simultaneous
1053,60.51,2,Simultaneous
1053,88.43,2,Simultaneous
1053,21.46,2,Conflict
1053,50.97,2,Conflict
1053,60.95,2,Conflict
1053,76.31,4,Conflict
1053,82.68,2,Conflict
1054,0.0,4,Simultaneous
1054,40.18,3,Simultaneous
1054,86.96,2,Simultaneous
1054,95.02,2,Simultaneous
1054,43.52,2,Conflict
1054,70.36,2,Conflict
1055,0.0,4,Simultaneous
1055,36.46,2,Simultaneous
1055,65.29,4,Simultaneous
1055,81.89,2,Simultaneous
1055,69.7,3,Conflict
1056,0.0,4,Simultaneous
1056,2.04,3,Simultaneous
1056,14.43,2,Simultaneous
1056,54.1,4,Simultaneous
1057,0.0,4,Simultaneous
1057,67.35,4,Simultaneous
1057,86.21,4,Simultaneous
1057,94.18,2,Simultaneous
1057,4.01,2,Conflict
1057,16.47,2,Conflict
1057,31.38,2,Conflict
1057,39.49,3,Conflict
1057,96.0,2,Conflict
1058,0.0,4,Simultaneous
1058,37.17,2,Simultaneous
1058,40.73,4,Simultaneous
1058,63.32,3,Simultaneous
1058,47.86,2,Conflict
1058,55.02,4,Conflict
1058,58.3,3,Conflict
1059,0.0,4,Simultaneous
1059,4.65,3,Simultaneous
1059,56.18,3,Simultaneous
1059,80.59,3,Simultaneous
1059,37.63,2,Conflict
1059,85.13,2,Conflict
1060,0.0,4,Simultaneous
1060,16.04,4,Simultaneous
1060,76.55,2,Simultaneous
1060,87.92,2,Simultaneous
1060,40.32,2,Conflict
1060,43.48,2,Conflict
1060,68.08,3,Conflict
1061,0.0,4,Simultaneous
1061,67.8,3,Simultaneous
1061,75.68,2,Simultaneous
1061,87.12,2,Simultaneous
1061,31.38,2,Conflict
1061,46.06,2,Conflict
1061,70.89,2,Conflict
1061,85.65,4,Conflict
1061,87.13,4,Conflict
1062,0.0,4,Simultaneous
1062,35.78,3,Simultaneous
1062,67.72,3,Simultaneous
1062,73.7,3,Simultaneous
1062,94.92,3,Conflict
1063,0.0,4,Simultaneous
1063,37.57,2,Simultaneous
1063,75.95,2,Simultaneous
1063,88.35,2,Simultaneous
1063,28.1,3,Conflict
1063,41.56,2,Conflict
1063,42.81,3,Conflict
1063,59.58,2,Conflict
1064,0.0,4,Simultaneous
1064,14.71,2,Simultaneous
1064,42.62,3,Simultaneous
1064,67.11,2,Simultaneous
1064,54.26,2,Conflict
1064,82.52,3,Conflict
1065,0.0,4,Simultaneous
1065,7.37,4,Simultaneous
1065,12.65,2,Simultaneous
1065,24.5,2,Simultaneous
1065,32.69,3,Simultaneous
1065,37.17,3,Simultaneous
1065,33.77,2,Conflict
1065,60.31,2,Conflict
1066,0.0,4,Simultaneous
1066,46.89,3,Simultaneous
1066,81.83,2,Simultaneous
1066,93.94,2,Simultaneous
1066,38.29,4,Conflict
1067,0.0,4,Simultaneous
1067,15.61,3,Simultaneous
1067,21.59,2,Simultaneous
1067,64.65,2,Simultaneous
1067,94.75,3,Conflict
1068,0.0,4,Simultaneous
1068,8.73,2,Simultaneous
1068,75.24,2,Simultaneous
1068,80.94,2,Simultaneous
1068,81.56,2,Simultaneous
1068,82.67,3,Simultaneous
1068,28.22,2,Conflict
1068,40.1,3,Conflict
1068,40.65,2,Conflict
1068,73.59,2,Conflict
1068,78.3,2,Conflict
1068,79.52,3,Conflict
1069,0.0,4,Simultaneous
1069,36.1,4,Simultaneous
1069,80.34,2,Simultaneous
1069,98.7,3,Simultaneous
1069,59.32,3,Conflict
1069,80.7,2,Conflict
1070,0.0,4,Simultaneous
1070,3.03,2,Simultaneous
1070,53.2,2,Simultaneous
1070,76.6,2,Simultaneous
1070,46.53,2,Conflict
1070,46.8,2,Conflict
1070,69.82,3,Conflict
1070,75.19,4,Conflict
1071,0.0,4,Simultaneous
1071,1.19,2,Simultaneous
1071,41.41,3,Simultaneous
1071,57.24,3,Simultaneous
1072,0.0,4,Simultaneous
1072,30.08,2,Simultaneous
1072,60.78,3,Simultaneous
1072,88.68,3,Simultaneous
1072,73.79,2,Conflict
1072,77.06,2,Conflict
1073,0.0,4,Simultaneous
1073,6.95,3,Simultaneous
1073,66.17,2,Simultaneous
1073,91.69,2,Simultaneous
1073,72.75,2,Conflict
1073,84.99,3,Conflict
1074,0.0,4,Simultaneous
1074,14.84,2,Simultaneous
1074,80.69,3,Simultaneous
1074,85.95,3,Simultaneous
1074,17.36,3,Conflict
1074,54.99,2,Conflict
1074,61.21,2,Conflict
1074,63.21,4,Conflict
1074,67.24,2,Conflict
1074,81.05,4,Conflict
1074,90.12,3,Conflict
1075,0.0,4,Simultaneous
1075,34.91,2,Simultaneous
1075,37.06,2,Simultaneous
1075,52.1,4,Simultaneous
1075,81.03,2,Simultaneous
1075,85.07,2,Simultaneous
1075,15.57,3,Conflict
1075,54.15,4,Conflict
1075,59.72,3,Conflict
1075,67.65,2,Conflict
1075,71.65,2,Conflict
1075,71.75,2,Conflict
1075,89.08,2,Conflict
1076,0.0,4,Simultaneous
1076,5.81,3,Simultaneous
1076,15.28,2,Simultaneous
1076,73.57,3,Simultaneous
1076,53.01,2,Conflict
1077,0.0,4,Simultaneous
1077,20.15,3,Simultaneous
1077,94.43,2,Simultaneous
1077,94.64,2,Simultaneous
1078,0.0,4,Simultaneous
1078,9.37,2,Simultaneous
1078,32.96,2,Simultaneous
1078,55.56,2,Simultaneous
1078,27.77,3,Conflict
1079,0.0,4,Simultaneous
1079,10.23,2,Simultaneous
1079,13.66,2,Simultaneous
1079,20.43,3,Simultaneous
1079,66.17,4,Conflict
1079,75.55,3,Conflict
1080,0.0,4,Simultaneous
1080,5.4,3,Simultaneous
1080,34.41,2,Simultaneous
1080,37.52,3,Simultaneous
1080,37.98,2,Conflict
1080,96.08,2,Conflict
1081,0.0,4,Simultaneous
1081,0.56,2,Simultaneous
1081,12.32,3,Simultaneous
1081,73.43,3,Simultaneous
1081,30.16,2,Conflict
1081,38.74,4,Conflict
1081,62.02,3,Conflict
1082,0.0,4,Simultaneous
1082,0.59,3,Simultaneous
1082,54.26,2,Simultaneous
1082,62.77,3,Simultaneous
1082,53.84,2,Conflict
1082,93.75,3,Conflict
1083,0.0,4,Simultaneous
1083,0.88,2,Simultaneous
1083,11.01,2,Simultaneous
1083,21.89,3,Simultaneous
1083,19.15,2,Conflict
1083,79.73,3,Conflict
1084,0.0,4,Simultaneous
1084,34.62,3,Simultaneous
1084,37.85,2,Simultaneous
1084,90.46,4,Simultaneous
1085,0.0,4,Simultaneous
1085,23.58,2,Simultaneous
1085,58.55,3,Simultaneous
1085,82.84,2,Simultaneous
1085,9.4,3,Conflict
1085,49.98,2,Conflict
1085,59.29,4,Conflict
1086,0.0,4,Simultaneous
1086,23.88,2,Simultaneous
1086,68.18,2,Simultaneous
1086,91.88,2,Simultaneous
1086,78.95,2,Conflict
1087,0.0,4,Simultaneous
1087,78.63,4,Simultaneous
1087,91.37,3,Simultaneous
1087,92.28,3,Simultaneous
1087,22.51,2,Conflict
1087,24.57,3,Conflict
1087,81.37,3,Conflict
1087,92.99,3,Conflict
1088,0.0,4,Simultaneous
1088,11.13,2,Simultaneous
1088,18.49,2,Simultaneous
1088,55.73,3,Simultaneous
1088,34.52,2,Conflict
1088,91.13,2,Conflict
1089,0.0,4,Simultaneous
1089,12.9,3,Simultaneous
1089,21.89,2,Simultaneous
1089,60.23,2,Simultaneous
1089,8.63,2,Conflict
1089,59.5,3,Conflict
1089,65.01,3,Conflict
1089,92.12,2,Conflict
1090,0.0,4,Simultaneous
1090,5.64,2,Simultaneous
1090,11.92,2,Simultaneous
1090,78.49,3,Simultaneous
1090,8.59,3,Conflict
1090,32.38,2,Conflict
1090,38.7,3,Conflict
1090,89.44,2,Conflict
1090,96.79,3,Conflict
1091,0.0,4,Simultaneous
1091,18.86,3,Simultaneous
1091,68.38,2,Simultaneous
1091,83.99,3,Simultaneous
1091,31.68,2,Conflict
1091,34.89,4,Conflict
1091,39.16,2,Conflict
1091,61.78,2,Conflict
1092,0.0,4,Simultaneous
1092,41.91,2,Simultaneous
1092,54.26,3,Simultaneous
1092,65.87,2,Simultaneous
1092,30.81,3,Conflict
1093,0.0,4,Simultaneous
1093,48.59,2,Simultaneous
1093,57.38,3,Simultaneous
1093,74.93,2,Simultaneous
1093,46.2,2,Conflict
1093,57.39,2,Conflict
1093,58.05,3,Conflict
1093,62.01,2,Conflict
1093,66.96,3,Conflict
1093,80.88,3,Conflict
1093,91.98,3,Conflict
1094,0.0,4,Simultaneous
1094,1.05,2,Simultaneous
1094,26.02,3,Simultaneous
1094,80.84,2,Simultaneous
1094,20.27,4,Conflict
1094,32.46,2,Conflict
1094,39.83,2,Conflict
1095,0.0,4,Simultaneous
1095,0.59,2,Simultaneous
1095,44.3,2,Simultaneous
1095,89.71,3,Simultaneous
1095,6.7,2,Conflict
1095,23.63,2,Conflict
1095,43.04,3,Conflict
1095,49.51,2,Conflict
1095,65.3,3,Conflict
1096,0.0,4,Simultaneous
1096,2.85,2,Simultaneous
1096,27.29,3,Simultaneous
1096,90.97,3,Simultaneous
1096,84.01,4,Conflict
1097,0.0,4,Simultaneous
1097,68.17,2,Simultaneous
1097,73.89,2,Simultaneous
1097,84.99,2,Simultaneous
1097,27.51,2,Conflict
1097,91.5,2,Conflict
1098,0.0,4,Simultaneous
1098,9.31,2,Simultaneous
1098,58.53,2,Simultaneous
1098,73.26,2,Simultaneous
1098,16.42,2,Conflict
1098,23.04,3,Conflict
1099,0.0,4,Simultaneous
1099,26.36,2,Simultaneous
1099,37.52,3,Simultaneous
1099,98.25,3,Simultaneous
1099,11.77,3,Conflict
1100,0.0,4,Simultaneous
1100,18.93,3,Simultaneous
1100,40.15,4,Simultaneous
1100,66.34,3,Simultaneous
1100,7.19,3,Conflict
1100,98.38,3,Conflict
1101,0.0,4,Simultaneous
1101,10.11,3,Simultaneous
1101,38.0,3,Simultaneous
1101,62.48,3,Simultaneous
1101,24.43,2,Conflict
1101,46.9,2,Conflict
1101,96.93,2,Conflict
1102,0.0,4,Simultaneous
1102,3.36,3,Simultaneous
1102,3.74,3,Simultaneous
1102,8.52,2,Simultaneous
1102,19.11,3,Conflict
1102,36.19,3,Conflict
1102,89.76,3,Conflict
1103,0.0,4,Simultaneous
1103,4.98,2,Simultaneous
1103,87.86,2,Simultaneous
1103,97.49,3,Simultaneous
1103,38.31,3,Conflict
1103,73.02,4,Conflict
1103,76.97,2,Conflict
1104,0.0,4,Simultaneous
1104,1.07,3,Simultaneous
1104,8.47,2,Simultaneous
1104,48.58,3,Simultaneous
1104,38.87,3,Conflict
1105,0.0,4,Simultaneous
1105,29.36,2,Simultaneous
1105,40.08,2,Simultaneous
1105,80.09,2,Simultaneous
1105,24.13,2,Conflict
1106,0.0,4,Simultaneous
1106,5.62,2,Simultaneous
1106,16.47,2,Simultaneous
1106,51.41,2,Simultaneous
1106,63.28,2,Simultaneous
1106,72.8,3,Simultaneous
1106,14.37,3,Conflict
1106,34.07,2,Conflict
1107,0.0,4,Simultaneous
1107,24.07,2,Simultaneous
1107,35.15,2,Simultaneous
1107,50.03,3,Simultaneous
1107,17.05,4,Conflict
1107,55.29,2,Conflict
1108,0.0,4,Simultaneous
1108,4.38,3,Simultaneous
1108,39.48,2,Simultaneous
1108,82.27,2,Simultaneous
1108,16.07,4,Conflict
1108,41.52,2,Conflict
1108,55.29,3,Conflict
1108,68.17,3,Conflict
1108,93.65,4,Conflict
1109,0.0,4,Simultaneous
1109,26.17,2,Simultaneous
1109,59.73,2,Simultaneous
1109,75.36,2,Simultaneous
1109,47.47,2,Conflict
1110,0.0,4,Simultaneous
1110,27.47,2,Simultaneous
1110,59.29,3,Simultaneous
1110,60.88,3,Simultaneous
1110,62.73,2,Simultaneous
1110,90.23,3,Simultaneous
1110,90.24,3,Conflict
1111,0.0,4,Simultaneous
1111,42.41,4,Simultaneous
1111,90.81,3,Simultaneous
1111,93.47,2,Simultaneous
1111,56.29,2,Conflict
1111,73.36,2,Conflict
1112,0.0,4,Simultaneous
1112,22.45,2,Simultaneous
1112,32.87,3,Simultaneous
1112,68.48,3,Simultaneous
1112,45.28,3,Conflict
1113,0.0,4,Simultaneous
1113,6.24,3,Simultaneous
1113,12.59,2,Simultaneous
1113,78.63,3,Simultaneous
1113,0.52,2,Conflict
1113,5.5,2,Conflict
1113,35.56,2,Conflict
1113,80.27,2,Conflict
1113,83.5,4,Conflict
1114,0.0,4,Simultaneous
1114,5.29,4,Simultaneous
1114,59.5,2,Simultaneous
1114,96.55,2,Simultaneous
1114,2.62,3,Conflict
1114,11.51,3,Conflict
1114,18.55,3,Conflict
1114,69.65,2,Conflict
1115,0.0,4,Simultaneous
1115,26.5,4,Simultaneous
1115,49.77,3,Simultaneous
1115,85.98,2,Simultaneous
1115,43.56,3,Conflict
1115,72.41,2,Conflict
1116,0.0,4,Simultaneous
1116,55.9,3,Simultaneous
1116,56.95,2,Simultaneous
1116,68.27,2,Simultaneous
1117,0.0,4,Simultaneous
1117,5.75,2,Simultaneous
1117,48.52,3,Simultaneous
1117,52.13,3,Simultaneous
1117,49.67,2,Conflict
1117,73.16,3,Conflict
1117,77.32,2,Conflict
1118,0.0,4,Simultaneous
1118,5.05,2,Simultaneous
1118,7.51,2,Simultaneous
1118,41.42,3,Simultaneous
1118,3.4,3,Conflict
1118,72.35,3,Conflict
1118,94.5,2,Conflict
1119,0.0,4,Simultaneous
1119,54.1,3,Simultaneous
1119,66.02,2,Simultaneous
1119,66.05,2,Simultaneous
1119,6.67,3,Conflict
1119,51.65,4,Conflict
1119,93.73,2,Conflict
1120,0.0,4,Simultaneous
1120,7.56,2,Simultaneous
1120,60.97,3,Simultaneous
1120,85.22,4,Simultaneous
1120,9.59,3,Conflict
1120,31.88,3,Conflict
1120,38.04,3,Conflict
1120,88.88,3,Conflict
1120,98.25,2,Conflict
1121,0.0,4,Simultaneous
1121,24.12,4,Simultaneous
1121,30.58,2,Simultaneous
1121,73.03,2,Simultaneous
1121,11.37,2,Conflict
1121,60.55,2,Conflict
1121,68.48,3,Conflict
1121,87.4,2,Conflict
1122,0.0,4,Simultaneous
1122,14.73,2,Simultaneous
1122,90.87,2,Simultaneous
1122,90.97,3,Simultaneous
1122,47.77,2,Conflict
1122,51.1,3,Conflict
1122,81.53,3,Conflict
1123,0.0,4,Simultaneous
1123,46.09,3,Simultaneous
1123,76.05,2,Simultaneous
1123,81.8,2,Simultaneous
1123,30.08,2,Conflict
1123,78.73,2,Conflict
1124,0.0,4,Simultaneous
1124,26.93,2,Simultaneous
1124,28.22,2,Simultaneous
1124,90.59,2,Simultaneous
1124,8.23,3,Conflict
1124,67.64,3,Conflict
1124,67.92,2,Conflict
1124,69.28,2,Conflict
1125,0.0,4,Simultaneous
1125,22.92,3,Simultaneous
1125,36.33,2,Simultaneous
1125,46.67,2,Simultaneous
1125,46.69,3,Conflict
1125,47.51,2,Conflict
1125,82.47,3,Conflict
1126,0.0,4,Simultaneous
1126,49.16,2,Simultaneous
1126,72.41,2,Simultaneous
1126,77.16,3,Simultaneous
1126,5.7,3,Conflict
1126,18.52,2,Conflict
1126,49.02,2,Conflict
1126,81.82,4,Conflict
1126,91.35,2,Conflict
1127,0.0,4,Simultaneous
1127,55.41,2,Simultaneous
1127,65.79,2,Simultaneous
1127,74.08,2,Simultaneous
1127,14.46,4,Conflict
1127,47.47,4,Conflict
1127,63.94,2,Conflict
1128,0.0,4,Simultaneous
1128,18.83,2,Simultaneous
1128,46.09,3,Simultaneous
1128,57.28,2,Simultaneous
1128,23.37,2,Conflict
1128,77.05,2,Conflict
1129,0.0,4,Simultaneous
1129,21.52,3,Simultaneous
1129,41.78,3,Simultaneous
1129,45.69,2,Simultaneous
1129,17.24,2,Conflict
1130,0.0,4,Simultaneous
1130,6.18,2,Simultaneous
1130,46.2,3,Simultaneous
1130,79.62,2,Simultaneous
1130,32.1,2,Conflict
1130,65.49,2,Conflict
1131,0.0,4,Simultaneous
1131,1.47,2,Simultaneous
1131,6.17,2,Simultaneous
1131,87.14,4,Simultaneous
1131,90.48,2,Conflict
1132,0.0,4,Simultaneous
1132,23.63,2,Simultaneous
1132,45.31,2,Simultaneous
1132,64.38,3,Simultaneous
1132,79.69,4,Simultaneous
1132,82.35,2,Simultaneous
1132,17.12,3,Conflict
1132,18.31,2,Conflict
1132,66.55,2,Conflict
1132,86.03,4,Conflict
1133,0.0,4,Simultaneous
1133,13.87,2,Simultaneous
1133,80.66,3,Simultaneous
1133,95.77,3,Simultaneous
1133,31.47,3,Conflict
1133,59.5,2,Conflict
1134,0.0,4,Simultaneous
1134,1.14,2,Simultaneous
1134,11.54,2,Simultaneous
1134,68.98,2,Simultaneous
1134,32.81,2,Conflict
1134,87.49,2,Conflict
1135,0.0,4,Simultaneous
1135,1.13,3,Simultaneous
1135,85.13,2,Simultaneous
1135,98.49,3,Simultaneous
1135,35.38,2,Conflict
1135,74.08,2,Conflict
1135,95.1,4,Conflict
1135,98.95,2,Conflict
1136,0.0,4,Simultaneous
1136,39.64,2,Simultaneous
1136,61.15,3,Simultaneous
1136,69.0,2,Simultaneous
1136,1.1,2,Conflict
1136,40.23,3,Conflict
1136,49.19,2,Conflict
1136,50.51,3,Conflict
1136,53.49,4,Conflict
1137,0.0,4,Simultaneous
1137,7.43,3,Simultaneous
1137,21.36,2,Simultaneous
1137,43.19,3,Simultaneous
1137,9.83,2,Conflict
1137,17.01,4,Conflict
1137,25.84,2,Conflict
1138,0.0,4,Simultaneous
1138,4.17,2,Simultaneous
1138,7.74,3,Simultaneous
1138,72.35,4,Simultaneous
1138,17.05,3,Conflict
1138,44.51,3,Conflict
1138,98.07,2,Conflict
1139,0.0,4,Simultaneous
1139,8.87,4,Simultaneous
1139,87.14,3,Simultaneous
1139,97.69,2,Simultaneous
1139,47.69,3,Conflict
1139,66.04,2,Conflict
1139,79.93,2,Conflict
1140,0.0,4,Simultaneous
1140,18.55,2,Simultaneous
1140,40.57,2,Simultaneous
1140,69.61,2,Simultaneous
1140,29.33,3,Conflict
1140,31.87,3,Conflict
1140,76.06,2,Conflict
1140,88.43,2,Conflict
1141,0.0,4,Simultaneous
1141,25.37,2,Simultaneous
1141,59.73,3,Simultaneous
1141,69.57,3,Simultaneous
1141,15.59,2,Conflict
1141,67.28,2,Conflict
1141,71.02,2,Conflict
1142,0.0,4,Simultaneous
1142,26.77,2,Simultaneous
1142,34.54,3,Simultaneous
1142,55.11,2,Simultaneous
1142,8.18,2,Conflict
1142,75.64,3,Conflict
1143,0.0,4,Simultaneous
1143,2.31,4,Simultaneous
1143,55.12,2,Simultaneous
1143,67.56,2,Simultaneous
1143,71.32,3,Conflict
1143,83.68,3,Conflict
1144,0.0,4,Simultaneous
1144,18.49,3,Simultaneous
1144,88.05,2,Simultaneous
1144,94.14,2,Simultaneous
1144,79.58,4,Conflict
1145,0.0,4,Simultaneous
1145,5.02,2,Simultaneous
1145,49.97,4,Simultaneous
1145,79.11,3,Simultaneous
1145,80.48,3,Simultaneous
1145,96.95,2,Simultaneous
1145,7.48,3,Conflict
1145,16.07,2,Conflict
1145,17.9,4,Conflict
1145,35.63,4,Conflict
1145,63.95,2,Conflict
1146,0.0,4,Simultaneous
1146,38.29,2,Simultaneous
1146,56.2,3,Simultaneous
1146,76.35,2,Simultaneous
1146,79.89,2,Simultaneous
1146,93.75,2,Simultaneous
1146,18.12,2,Conflict
1146,26.2,2,Conflict
1146,34.23,3,Conflict
1146,43.28,2,Conflict
1146,49.77,2,Conflict
1146,78.8,2,Conflict
1146,89.91,3,Conflict
1147,0.0,4,Simultaneous
1147,7.68,2,Simultaneous
1147,26.13,2,Simultaneous
1147,79.75,2,Simultaneous
1147,16.68,2,Conflict
1147,28.35,2,Conflict
1148,0.0,4,Simultaneous
1148,33.36,2,Simultaneous
1148,96.17,2,Simultaneous
1148,99.48,2,Simultaneous
1149,0.0,4,Simultaneous
1149,8.8,3,Simultaneous
1149,19.12,3,Simultaneous
1149,26.02,2,Simultaneous
1149,60.31,2,Conflict
1150,0.0,4,Simultaneous
1150,28.07,3,Simultaneous
1150,42.25,3,Simultaneous
1150,83.15,2,Simultaneous
1150,0.7,3,Conflict
1150,4.38,2,Conflict
1150,40.08,3,Conflict
1150,44.1,2,Conflict
1150,55.1,2,Conflict
1150,60.14,2,Conflict
1150,89.08,3,Conflict
1151,0.0,4,Simultaneous
1151,1.96,3,Simultaneous
1151,77.46,2,Simultaneous
1151,99.22,2,Simultaneous
1151,73.2,3,Conflict
1151,74.08,2,Conflict
1152,0.0,4,Simultaneous
1152,16.42,3,Simultaneous
1152,69.65,3,Simultaneous
1152,99.04,2,Simultaneous
1152,45.67,3,Conflict
1152,68.59,2,Conflict
1152,80.54,2,Conflict
1153,0.0,4,Simultaneous
1153,8.14,3,Simultaneous
1153,56.64,4,Simultaneous
1153,86.35,2,Simultaneous
1153,92.59,3,Simultaneous
1153,98.13,2,Simultaneous
1154,0.0,4,Simultaneous
1154,3.8,3,Simultaneous
1154,4.15,3,Simultaneous
1154,65.04,3,Simultaneous
1154,66.82,2,Simultaneous
1154,95.17,4,Simultaneous
1154,81.49,3,Conflict
1155,0.0,4,Simultaneous
1155,33.42,2,Simultaneous
1155,52.14,4,Simultaneous
1155,58.53,4,Simultaneous
1155,10.15,2,Conflict
1155,22.26,2,Conflict
1155,23.52,4,Conflict
1155,89.46,2,Conflict
1155,99.97,2,Conflict
1156,0.0,4,Simultaneous
1156,51.81,2,Simultaneous
1156,68.86,2,Simultaneous
1156,99.78,3,Simultaneous
1157,0.0,4,Simultaneous
1157,5.29,2,Simultaneous
1157,26.35,2,Simultaneous
1157,94.32,2,Simultaneous
1157,38.36,3,Conflict
1158,0.0,4,Simultaneous
1158,21.47,3,Simultaneous
1158,75.74,3,Simultaneous
1158,95.59,3,Simultaneous
1158,4.15,2,Conflict
1158,32.64,2,Conflict
1158,57.56,3,Conflict
1158,99.56,2,Conflict
1159,0.0,4,Simultaneous
1159,34.37,2,Simultaneous
1159,59.77,2,Simultaneous
1159,64.26,3,Simultaneous
1160,0.0,4,Simultaneous
1160,18.89,3,Simultaneous
1160,78.44,3,Simultaneous
1160,99.78,4,Simultaneous
1160,2.58,2,Conflict
1160,31.95,2,Conflict
1161,0.0,4,Simultaneous
1161,8.94,2,Simultaneous
1161,19.47,3,Simultaneous
1161,97.74,2,Simultaneous
1161,71.59,2,Conflict
1161,90.8,3,Conflict
1162,0.0,4,Simultaneous
1162,33.09,3,Simultaneous
1162,35.8,2,Simultaneous
1162,55.28,2,Simultaneous
1162,43.69,2,Conflict
1162,72.01,3,Conflict
1162,88.68,2,Conflict
1163,0.0,4,Simultaneous
1163,8.48,2,Simultaneous
1163,16.04,4,Simultaneous
1163,23.05,2,Simultaneous
1163,52.51,3,Simultaneous
1163,68.48,2,Simultaneous
1163,87.35,3,Simultaneous
1163,96.6,2,Simultaneous
1163,20.03,3,Conflict
1163,37.87,2,Conflict
1164,0.0,4,Simultaneous
1164,43.56,3,Simultaneous
1164,64.72,2,Simultaneous
1164,66.12,3,Simultaneous
1164,36.33,3,Conflict
1165,0.0,4,Simultaneous
1165,18.53,2,Simultaneous
1165,46.62,2,Simultaneous
1165,58.83,2,Simultaneous
1165,68.03,2,Simultaneous
1165,83.87,3,Simultaneous
1165,32.86,2,Conflict
1165,80.24,2,Conflict
1165,83.98,2,Conflict
1165,85.62,3,Conflict
1166,0.0,4,Simultaneous
1166,25.46,2,Simultaneous
1166,72.06,4,Simultaneous
1166,84.99,2,Simultaneous
1167,0.0,4,Simultaneous
1167,21.04,4,Simultaneous
1167,29.33,3,Simultaneous
1167,34.13,2,Simultaneous
1167,30.34,2,Conflict
1167,34.51,2,Conflict
1168,0.0,4,Simultaneous
1168,3.92,2,Simultaneous
1168,19.05,2,Simultaneous
1168,95.78,3,Simultaneous
1168,28.36,2,Conflict
1168,31.52,2,Conflict
1168,49.69,2,Conflict
1168,64.92,2,Conflict
1169,0.0,4,Simultaneous
1169,19.05,2,Simultaneous
1169,65.4,2,Simultaneous
1169,88.08,4,Simultaneous
1169,45.75,2,Conflict
1169,60.13,3,Conflict
1169,76.2,4,Conflict
1169,90.15,3,Conflict
1170,0.0,4,Simultaneous
1170,13.25,3,Simultaneous
1170,20.27,2,Simultaneous
1170,97.48,2,Simultaneous
1170,16.47,2,Conflict
1170,27.25,2,Conflict
1171,0.0,4,Simultaneous
1171,0.52,2,Simultaneous
1171,19.9,2,Simultaneous
1171,41.61,2,Simultaneous
1171,51.08,3,Simultaneous
1171,76.15,3,Simultaneous
1171,33.81,2,Conflict
1171,67.46,3,Conflict
1171,87.22,2,Conflict
1172,0.0,4,Simultaneous
1172,67.46,3,Simultaneous
1172,76.7,3,Simultaneous
1172,76.72,2,Simultaneous
1172,13.82,2,Conflict
1172,15.26,2,Conflict
1172,17.58,2,Conflict
1172,87.86,2,Conflict
1172,88.4,4,Conflict
1172,99.84,3,Conflict
1173,0.0,4,Simultaneous
1173,46.34,3,Simultaneous
1173,65.14,2,Simultaneous
1173,69.75,2,Simultaneous
1173,21.63,4,Conflict
1173,44.35,3,Conflict
1173,70.27,2,Conflict
1174,0.0,4,Simultaneous
1174,2.31,2,Simultaneous
1174,33.84,2,Simultaneous
1174,82.93,3,Simultaneous
1174,1.49,3,Conflict
1174,84.06,3,Conflict
1175,0.0,4,Simultaneous
1175,27.28,2,Simultaneous
1175,74.45,2,Simultaneous
1175,94.43,3,Simultaneous
1176,0.0,4,Simultaneous
1176,47.26,3,Simultaneous
1176,81.06,2,Simultaneous
1176,94.47,2,Simultaneous
1176,3.6,2,Conflict
1176,12.1,2,Conflict
1176,44.83,2,Conflict
1176,53.79,2,Conflict
1176,59.01,3,Conflict
1177,0.0,4,Simultaneous
1177,12.43,3,Simultaneous
1177,29.15,2,Simultaneous
1177,31.88,3,Simultaneous
1177,41.78,4,Simultaneous
1177,93.65,4,Simultaneous
1177,5.5,3,Conflict
1177,39.93,2,Conflict
1177,81.39,3,Conflict
1178,0.0,4,Simultaneous
1178,31.33,2,Simultaneous
1178,35.7,2,Simultaneous
1178,96.31,4,Simultaneous
1178,80.48,2,Conflict
1179,0.0,4,Simultaneous
1179,13.89,3,Simultaneous
1179,39.93,2,Simultaneous
1179,40.73,2,Simultaneous
1179,33.0,3,Conflict
1179,48.84,2,Conflict
1179,65.29,2,Conflict
1180,0.0,4,Simultaneous
1180,3.97,4,Simultaneous
1180,42.01,4,Simultaneous
1180,94.14,2,Simultaneous
1180,36.01,4,Conflict
1181,0.0,4,Simultaneous
1181,34.54,2,Simultaneous
1181,54.68,3,Simultaneous
1181,72.41,2,Simultaneous
1181,15.81,3,Conflict
1181,19.06,3,Conflict
1181,85.13,3,Conflict
1182,0.0,4,Simultaneous
1182,26.03,2,Simultaneous
1182,36.1,4,Simultaneous
1182,49.92,3,Simultaneous
1182,17.31,2,Conflict
1182,26.39,3,Conflict
1183,0.0,4,Simultaneous
1183,55.73,2,Simultaneous
1183,60.25,2,Simultaneous
1183,99.22,3,Simultaneous
1183,60.26,2,Conflict
1183,65.64,3,Conflict
1183,74.89,2,Conflict
1183,87.53,2,Conflict
1184,0.0,4,Simultaneous
1184,37.94,3,Simultaneous
1184,38.0,2,Simultaneous
1184,52.57,2,Simultaneous
1185,0.0,4,Simultaneous
1185,13.59,2,Simultaneous
1185,75.46,3,Simultaneous
1185,86.03,3,Simultaneous
1185,61.38,2,Conflict
1186,0.0,4,Simultaneous
1186,16.72,2,Simultaneous
1186,85.87,2,Simultaneous
1186,97.49,2,Simultaneous
1186,37.49,2,Conflict
1186,60.31,2,Conflict
1187,0.0,4,Simultaneous
1187,25.91,2,Simultaneous
1187,64.74,3,Simultaneous
1187,87.36,2,Simultaneous
1187,33.78,3,Conflict
1187,54.26,2,Conflict
1188,0.0,4,Simultaneous
1188,4.68,2,Simultaneous
1188,11.7,2,Simultaneous
1188,80.94,4,Simultaneous
1188,18.57,3,Conflict
1188,23.45,2,Conflict
1188,31.96,2,Conflict
1188,55.18,3,Conflict
1188,80.51,2,Conflict
1188,80.79,4,Conflict
1189,0.0,4,Simultaneous
1189,18.43,2,Simultaneous
1189,34.07,3,Simultaneous
1189,74.35,3,Simultaneous
1189,32.1,4,Conflict
1190,0.0,4,Simultaneous
1190,18.59,2,Simultaneous
1190,30.99,4,Simultaneous
1190,32.04,2,Simultaneous
1190,34.65,3,Simultaneous
1190,36.62,2,Simultaneous
1190,63.13,3,Simultaneous
1190,99.42,2,Simultaneous
1190,47.43,3,Conflict
1190,50.84,2,Conflict
1190,62.94,3,Conflict
1190,66.97,2,Conflict
1190,89.79,2,Conflict
1191,0.0,4,Simultaneous
1191,4.44,2,Simultaneous
1191,7.71,2,Simultaneous
1191,56.01,2,Simultaneous
1191,1.57,3,Conflict
1191,31.53,4,Conflict
1191,61.56,3,Conflict
1192,0.0,4,Simultaneous
1192,45.33,2,Simultaneous
1192,74.21,2,Simultaneous
1192,90.97,2,Simultaneous
1192,20.62,3,Conflict
1192,88.8,3,Conflict
1193,0.0,4,Simultaneous
1193,10.55,2,Simultaneous
1193,52.51,2,Simultaneous
1193,97.93,3,Simultaneous
1193,18.12,2,Conflict
1193,48.82,3,Conflict
1193,79.97,2,Conflict
1193,80.45,3,Conflict
1193,98.13,2,Conflict
1194,0.0,4,Simultaneous
1194,7.64,2,Simultaneous
1194,14.35,2,Simultaneous
1194,63.9,3,Simultaneous
1194,5.12,4,Conflict
1194,47.26,2,Conflict
1195,0.0,4,Simultaneous
1195,37.3,4,Simultaneous
1195,58.5,4,Simultaneous
1195,69.65,3,Simultaneous
1195,81.98,4,Simultaneous
1195,98.13,3,Simultaneous
1196,0.0,4,Simultaneous
1196,17.47,3,Simultaneous
1196,51.65,3,Simultaneous
1196,91.77,2,Simultaneous
1196,46.16,3,Conflict
1196,60.15,4,Conflict
1197,0.0,4,Simultaneous
1197,76.06,2,Simultaneous
1197,82.31,2,Simultaneous
1197,91.37,2,Simultaneous
1197,21.79,3,Conflict
1197,35.82,2,Conflict
1197,49.41,2,Conflict
1197,63.9,4,Conflict
1197,87.35,2,Conflict
1198,0.0,4,Simultaneous
1198,5.62,2,Simultaneous
1198,17.12,3,Simultaneous
1198,74.7,4,Simultaneous
1198,35.41,2,Conflict
1198,67.91,2,Conflict
1198,81.47,2,Conflict
1199,0.0,4,Simultaneous
1199,6.69,2,Simultaneous
1199,20.98,4,Simultaneous
1199,23.76,3,Simultaneous
1199,51.19,2,Simultaneous
1199,64.96,2,Simultaneous
1199,67.39,2,Simultaneous
1199,99.01,2,Simultaneous
1199,68.03,2,Conflict
1199,99.02,2,Conflict
1200,0.0,4,Simultaneous
1200,22.75,2,Simultaneous
1200,70.98,2,Simultaneous
1200,76.87,4,Simultaneous
1200,2.58,3,Conflict
1200,14.52,3,Conflict
1201,0.0,4,Simultaneous
1201,52.71,3,Simultaneous
1201,55.91,2,Simultaneous
1201,72.48,2,Simultaneous
1201,70.4,3,Conflict
1201,94.5,4,Conflict
1202,0.0,4,Simultaneous
1202,7.74,3,Simultaneous
1202,54.53,4,Simultaneous
1202,86.51,2,Simultaneous
1202,86.68,3,Conflict
1202,93.86,2,Conflict
1203,0.0,4,Simultaneous
1203,4.68,3,Simultaneous
1203,28.94,2,Simultaneous
1203,40.0,2,Simultaneous
1203,0.5,2,Conflict
1204,0.0,4,Simultaneous
1204,17.85,2,Simultaneous
1204,49.93,2,Simultaneous
1204,87.34,2,Simultaneous
1204,62.02,2,Conflict
1205,0.0,4,Simultaneous
1205,12.29,2,Simultaneous
1205,65.6,2,Simultaneous
1205,71.58,3,Simultaneous
1205,39.69,2,Conflict
1205,62.53,2,Conflict
1205,87.21,2,Conflict
1205,91.96,4,Conflict
1206,0.0,4,Simultaneous
1206,41.41,2,Simultaneous
1206,59.29,2,Simultaneous
1206,62.56,3,Simultaneous
1206,69.41,2,Simultaneous
1206,73.88,2,Simultaneous
1206,9.15,3,Conflict
1206,80.61,2,Conflict
1206,89.62,2,Conflict
1206,91.48,2,Conflict
1207,0.0,4,Simultaneous
1207,9.16,3,Simultaneous
1207,44.95,2,Simultaneous
1207,56.97,2,Simultaneous
1207,48.41,3,Conflict
1208,0.0,4,Simultaneous
1208,5.01,2,Simultaneous
1208,8.7,3,Simultaneous
1208,46.18,3,Simultaneous
1208,49.22,2,Simultaneous
1208,52.13,3,Simultaneous
1208,24.26,3,Conflict
1208,50.82,2,Conflict
1208,94.64,3,Conflict
1209,0.0,4,Simultaneous
1209,33.15,2,Simultaneous
1209,34.9,2,Simultaneous
1209,49.77,2,Simultaneous
1209,81.82,2,Simultaneous
1209,87.96,2,Simultaneous
1209,63.82,2,Conflict
1209,66.99,2,Conflict
1209,79.36,2,Conflict
1209,88.35,2,Conflict
1210,0.0,4,Simultaneous
1210,16.47,3,Simultaneous
1210,19.47,2,Simultaneous
1210,90.46,2,Simultaneous
1210,5.95,2,Conflict
1210,37.22,3,Conflict
1211,0.0,4,Simultaneous
1211,18.06,2,Simultaneous
1211,60.26,2,Simultaneous
1211,75.75,2,Simultaneous
1211,48.92,2,Conflict
1211,52.46,2,Conflict
1212,0.0,4,Simultaneous
1212,22.85,2,Simultaneous
1212,66.94,4,Simultaneous
1212,89.69,2,Simultaneous
1212,7.16,4,Conflict
1213,0.0,4,Simultaneous
1213,14.51,2,Simultaneous
1213,16.89,3,Simultaneous
1213,30.08,2,Simultaneous
1213,28.15,2,Conflict
1213,51.64,2,Conflict
1213,66.34,2,Conflict
1213,93.29,3,Conflict
1214,0.0,4,Simultaneous
1214,37.34,2,Simultaneous
1214,56.45,3,Simultaneous
1214,95.42,3,Simultaneous
1214,86.88,4,Conflict
1215,0.0,4,Simultaneous
1215,15.31,2,Simultaneous
1215,39.62,2,Simultaneous
1215,93.99,2,Simultaneous
1215,35.93,3,Conflict
1215,41.65,3,Conflict
1216,0.0,4,Simultaneous
1216,19.05,3,Simultaneous
1216,34.86,2,Simultaneous
1216,35.87,3,Simultaneous
1216,2.95,2,Conflict
1216,5.81,3,Conflict
1216,50.49,4,Conflict
1216,62.01,3,Conflict
1217,0.0,4,Simultaneous
1217,22.99,3,Simultaneous
1217,26.34,2,Simultaneous
1217,43.69,2,Simultaneous
1217,72.48,4,Simultaneous
1217,80.69,2,Simultaneous
1217,87.43,4,Simultaneous
1217,91.35,2,Simultaneous
1217,13.51,3,Conflict
1217,47.01,2,Conflict
1217,49.12,2,Conflict
1217,98.81,2,Conflict
1218,0.0,4,Simultaneous
1218,14.43,3,Simultaneous
1218,27.13,3,Simultaneous
1218,39.9,3,Simultaneous
1218,21.02,3,Conflict
1218,35.92,2,Conflict
1218,50.26,2,Conflict
1218,53.35,4,Conflict
1219,0.0,4,Simultaneous
1219,51.45,2,Simultaneous
1219,88.75,2,Simultaneous
1219,92.28,3,Simultaneous
1219,11.51,2,Conflict
1219,74.99,3,Conflict
1220,0.0,4,Simultaneous
1220,54.37,3,Simultaneous
1220,70.21,2,Simultaneous
1220,73.03,2,Simultaneous
1220,41.26,2,Conflict
1220,50.01,2,Conflict
1221,0.0,4,Simultaneous
1221,5.44,4,Simultaneous
1221,10.53,2,Simultaneous
1221,53.81,2,Simultaneous
1221,2.7,2,Conflict
1221,33.02,2,Conflict
1221,68.01,2,Conflict
1221,77.16,2,Conflict
1222,0.0,4,Simultaneous
1222,24.46,2,Simultaneous
1222,56.13,2,Simultaneous
1222,79.5,3,Simultaneous
1222,13.12,2,Conflict
1222,66.35,4,Conflict
1222,85.65,3,Conflict
1223,0.0,4,Simultaneous
1223,28.74,2,Simultaneous
1223,31.12,3,Simultaneous
1223,52.58,2,Simultaneous
1224,0.0,4,Simultaneous
1224,52.11,2,Simultaneous
1224,52.34,3,Simultaneous
1224,87.49,2,Simultaneous
1224,26.5,2,Conflict
1224,71.08,3,Conflict
1225,0.0,4,Simultaneous
1225,2.42,3,Simultaneous
1225,24.1,2,Simultaneous
1225,51.36,3,Simultaneous
1225,70.05,4,Simultaneous
1225,99.29,2,Simultaneous
1225,42.05,3,Conflict
1225,47.61,4,Conflict
1225,67.94,4,Conflict
1225,94.92,4,Conflict
1226,0.0,4,Simultaneous
1226,21.39,4,Simultaneous
1226,69.66,2,Simultaneous
1226,99.25,2,Simultaneous
1226,73.4,2,Conflict
1226,76.77,2,Conflict
1226,93.88,2,Conflict
1227,0.0,4,Simultaneous
1227,49.36,3,Simultaneous
1227,73.92,3,Simultaneous
1227,84.51,3,Simultaneous
1227,33.85,2,Conflict
1227,34.51,2,Conflict
1227,52.57,2,Conflict
1227,88.78,2,Conflict
1228,0.0,4,Simultaneous
1228,12.76,3,Simultaneous
1228,22.16,2,Simultaneous
1228,25.04,2,Simultaneous
1228,40.12,4,Simultaneous
1228,89.31,2,Simultaneous
1228,96.97,2,Conflict
1229,0.0,4,Simultaneous
1229,40.0,4,Simultaneous
1229,84.99,2,Simultaneous
1229,89.45,2,Simultaneous
1229,35.77,2,Conflict
1230,0.0,4,Simultaneous
1230,6.25,4,Simultaneous
1230,82.47,3,Simultaneous
1230,97.15,4,Simultaneous
1230,4.68,2,Conflict
1230,19.32,2,Conflict
1230,35.4,2,Conflict
1230,50.94,3,Conflict
1230,60.39,2,Conflict
1230,74.52,2,Conflict
1231,0.0,4,Simultaneous
1231,1.25,2,Simultaneous
1231,37.46,3,Simultaneous
1231,89.66,2,Simultaneous
1231,12.87,3,Conflict
1231,20.87,2,Conflict
1231,26.93,2,Conflict
1232,0.0,4,Simultaneous
1232,1.49,4,Simultaneous
1232,4.17,3,Simultaneous
1232,33.02,2,Simultaneous
1232,15.81,3,Conflict
1232,16.68,2,Conflict
1233,0.0,4,Simultaneous
1233,2.86,2,Simultaneous
1233,17.85,3,Simultaneous
1233,95.59,4,Simultaneous
1233,58.09,2,Conflict
1233,86.28,2,Conflict
1234,0.0,4,Simultaneous
1234,21.46,3,Simultaneous
1234,30.99,3,Simultaneous
1234,36.27,3,Simultaneous
1234,73.44,2,Simultaneous
1234,96.9,3,Simultaneous
1234,7.28,2,Conflict
1234,13.69,2,Conflict
1234,17.51,3,Conflict
1234,29.67,2,Conflict
1235,0.0,4,Simultaneous
1235,4.22,3,Simultaneous
1235,27.56,4,Simultaneous
1235,73.33,3,Simultaneous
1235,60.87,3,Conflict
1236,0.0,4,Simultaneous
1236,37.77,3,Simultaneous
1236,48.64,3,Simultaneous
1236,63.21,2,Simultaneous
1236,10.02,2,Conflict
1236,53.39,2,Conflict
1237,0.0,4,Simultaneous
1237,14.69,3,Simultaneous
1237,16.85,3,Simultaneous
1237,73.07,2,Simultaneous
1237,94.7,2,Conflict
1238,0.0,4,Simultaneous
1238,46.07,2,Simultaneous
1238,55.76,3,Simultaneous
1238,59.55,2,Simultaneous
1238,80.61,2,Simultaneous
1238,95.17,2,Simultaneous
1238,46.21,3,Conflict
1238,54.93,2,Conflict
1238,84.89,3,Conflict
1239,0.0,4,Simultaneous
1239,31.78,2,Simultaneous
1239,33.53,2,Simultaneous
1239,89.12,2,Simultaneous
1239,5.7,3,Conflict
1239,35.12,2,Conflict
1239,39.99,3,Conflict
1240,0.0,4,Simultaneous
1240,31.78,2,Simultaneous
1240,43.94,3,Simultaneous
1240,57.84,2,Simultaneous
1240,74.22,3,Simultaneous
1240,98.36,2,Simultaneous
1240,26.83,2,Conflict
1240,30.66,2,Conflict
1240,35.81,2,Conflict
1241,0.0,4,Simultaneous
1241,16.5,3,Simultaneous
1241,32.27,4,Simultaneous
1241,70.36,2,Simultaneous
1241,7.2,2,Conflict
1241,43.37,2,Conflict
1241,52.55,3,Conflict
1241,85.04,2,Conflict
1242,0.0,4,Simultaneous
1242,23.53,2,Simultaneous
1242,40.37,2,Simultaneous
1242,80.09,2,Simultaneous
1242,22.85,2,Conflict
1242,45.41,2,Conflict
1243,0.0,4,Simultaneous
1243,32.14,2,Simultaneous
1243,50.29,2,Simultaneous
1243,59.57,3,Simultaneous
1243,42.01,2,Conflict
1243,72.54,2,Conflict
1244,0.0,4,Simultaneous
1244,73.99,2,Simultaneous
1244,90.89,2,Simultaneous
1244,97.31,3,Simultaneous
1244,32.68,2,Conflict
1244,68.46,2,Conflict
1244,70.37,2,Conflict
1244,96.3,2,Conflict
1245,0.0,4,Simultaneous
1245,67.58,2,Simultaneous
1245,68.63,2,Simultaneous
1245,98.81,4,Simultaneous
1245,15.13,2,Conflict
1245,39.25,2,Conflict
1245,40.38,2,Conflict
1246,0.0,4,Simultaneous
1246,28.15,2,Simultaneous
1246,30.59,4,Simultaneous
1246,48.71,2,Simultaneous
1246,90.48,2,Conflict
1247,0.0,4,Simultaneous
1247,14.11,3,Simultaneous
1247,65.34,2,Simultaneous
1247,97.31,2,Simultaneous
1247,0.65,2,Conflict
1247,97.0,3,Conflict
1248,0.0,4,Simultaneous
1248,12.32,3,Simultaneous
1248,28.43,3,Simultaneous
1248,69.87,2,Simultaneous
1248,11.49,3,Conflict
1248,62.77,3,Conflict
1249,0.0,4,Simultaneous
1249,26.36,3,Simultaneous
1249,32.04,3,Simultaneous
1249,92.28,2,Simultaneous
1249,7.4,2,Conflict
1249,56.61,2,Conflict
1249,69.39,3,Conflict
1249,82.74,2,Conflict
1249,99.22,2,Conflict
1250,0.0,4,Simultaneous
1250,61.59,3,Simultaneous
1250,68.59,2,Simultaneous
1250,95.12,2,Simultaneous
1250,45.14,2,Conflict
1251,0.0,4,Simultaneous
1251,4.51,4,Simultaneous
1251,27.51,3,Simultaneous
1251,45.31,2,Simultaneous
1251,10.23,4,Conflict
1252,0.0,4,Simultaneous
1252,14.08,2,Simultaneous
1252,98.78,4,Simultaneous
1252,99.14,2,Simultaneous
1252,74.73,3,Conflict
1253,0.0,4,Simultaneous
1253,3.85,2,Simultaneous
1253,66.19,2,Simultaneous
1253,79.68,2,Simultaneous
1253,6.61,3,Conflict
1253,12.17,2,Conflict
1253,20.32,4,Conflict
1253,55.31,2,Conflict
1254,0.0,4,Simultaneous
1254,30.74,2,Simultaneous
1254,40.08,3,Simultaneous
1254,95.08,2,Simultaneous
1254,7.67,3,Conflict
1254,15.31,2,Conflict
1254,43.52,2,Conflict
1255,0.0,4,Simultaneous
1255,46.12,3,Simultaneous
1255,63.94,3,Simultaneous
1255,87.61,3,Simultaneous
1256,0.0,4,Simultaneous
1256,15.03,2,Simultaneous
1256,32.57,3,Simultaneous
1256,73.36,2,Simultaneous
1256,3.85,2,Conflict
1256,15.63,2,Conflict
1256,16.44,2,Conflict
1256,57.17,3,Conflict
1257,0.0,4,Simultaneous
1257,4.87,2,Simultaneous
1257,54.37,2,Simultaneous
1257,57.91,2,Simultaneous
1257,33.16,2,Conflict
1257,90.68,4,Conflict
1258,0.0,4,Simultaneous
1258,15.67,3,Simultaneous
1258,30.74,3,Simultaneous
1258,45.14,2,Simultaneous
1258,7.31,2,Conflict
1258,99.44,2,Conflict
1259,0.0,4,Simultaneous
1259,51.13,2,Simultaneous
1259,77.39,2,Simultaneous
1259,82.12,3,Simultaneous
1259,84.06,4,Conflict
1260,0.0,4,Simultaneous
1260,21.03,2,Simultaneous
1260,39.17,4,Simultaneous
1260,49.8,2,Simultaneous
1260,58.05,2,Conflict
1260,60.38,2,Conflict
1260,81.54,3,Conflict
1260,84.06,3,Conflict
1261,0.0,4,Simultaneous
1261,27.23,3,Simultaneous
1261,78.61,2,Simultaneous
1261,98.57,2,Simultaneous
1261,46.12,3,Conflict
1261,46.77,2,Conflict
1261,69.0,2,Conflict
1262,0.0,4,Simultaneous
1262,8.25,2,Simultaneous
1262,8.87,2,Simultaneous
1262,35.15,2,Simultaneous
1262,27.28,3,Conflict
1262,59.9,4,Conflict
1262,63.64,2,Conflict
1262,83.58,4,Conflict
1263,0.0,4,Simultaneous
1263,72.85,2,Simultaneous
1263,76.56,2,Simultaneous
1263,84.78,4,Simultaneous
1263,21.59,3,Conflict
1264,0.0,4,Simultaneous
1264,45.45,2,Simultaneous
1264,63.28,3,Simultaneous
1264,83.79,3,Simultaneous
1265,0.0,4,Simultaneous
1265,5.31,2,Simultaneous
1265,9.95,4,Simultaneous
1265,30.74,2,Simultaneous
1265,32.8,3,Simultaneous
1265,35.93,2,Simultaneous
1265,23.23,2,Conflict
1265,44.7,2,Conflict
1265,45.18,2,Conflict
1265,62.55,4,Conflict
1265,87.43,2,Conflict
1265,91.85,3,Conflict
1265,93.11,3,Conflict
1265,94.2,2,Conflict
1266,0.0,4,Simultaneous
1266,6.81,3,Simultaneous
1266,24.11,4,Simultaneous
1266,42.25,2,Simultaneous
1266,44.87,3,Simultaneous
1266,70.87,2,Simultaneous
1266,82.45,3,Simultaneous
1266,94.08,3,Simultaneous
1266,2.4,2,Conflict
1266,89.31,2,Conflict
1266,97.32,4,Conflict
1267,0.0,4,Simultaneous
1267,48.31,3,Simultaneous
1267,65.59,4,Simultaneous
1267,65.61,2,Simultaneous
1267,45.75,3,Conflict
1267,67.03,2,Conflict
1268,0.0,4,Simultaneous
1268,13.03,3,Simultaneous
1268,44.2,4,Simultaneous
1268,87.37,3,Simultaneous
1269,0.0,4,Simultaneous
1269,7.68,4,Simultaneous
1269,46.89,3,Simultaneous
1269,65.04,3,Simultaneous
1269,20.81,2,Conflict
1269,80.66,2,Conflict
1270,0.0,4,Simultaneous
1270,31.63,2,Simultaneous
1270,39.96,2,Simultaneous
1270,62.28,3,Simultaneous
1270,19.26,2,Conflict
1271,0.0,4,Simultaneous
1271,18.11,3,Simultaneous
1271,26.4,2,Simultaneous
1271,71.46,3,Simultaneous
1271,69.57,2,Conflict
1272,0.0,4,Simultaneous
1272,23.38,2,Simultaneous
1272,36.2,2,Simultaneous
1272,69.36,3,Simultaneous
1272,21.56,2,Conflict
1273,0.0,4,Simultaneous
1273,12.64,3,Simultaneous
1273,12.82,2,Simultaneous
1273,13.06,4,Simultaneous
1273,65.05,3,Conflict
1274,0.0,4,Simultaneous
1274,22.92,2,Simultaneous
1274,45.9,3,Simultaneous
1274,93.07,2,Simultaneous
1274,63.81,2,Conflict
1274,80.81,2,Conflict
1275,0.0,4,Simultaneous
1275,22.85,2,Simultaneous
1275,31.97,3,Simultaneous
1275,77.41,3,Simultaneous
1275,12.64,2,Conflict
1275,84.89,3,Conflict
1276,0.0,4,Simultaneous
1276,18.59,2,Simultaneous
1276,19.12,3,Simultaneous
1276,35.7,4,Simultaneous
1276,51.51,2,Simultaneous
1276,95.17,4,Simultaneous
1276,6.28,3,Conflict
1276,62.32,2,Conflict
1276,66.11,2,Conflict
1276,86.03,3,Conflict
1277,0.0,4,Simultaneous
1277,1.49,3,Simultaneous
1277,35.11,2,Simultaneous
1277,39.12,2,Simultaneous
1277,16.42,2,Conflict
1277,26.16,3,Conflict
1277,64.96,2,Conflict
1278,0.0,4,Simultaneous
1278,15.91,3,Simultaneous
1278,34.45,2,Simultaneous
1278,62.46,3,Simultaneous
1278,12.19,3,Conflict
1278,93.86,2,Conflict
1279,0.0,4,Simultaneous
1279,30.6,3,Simultaneous
1279,30.64,3,Simultaneous
1279,36.24,2,Simultaneous
1279,46.12,3,Simultaneous
1279,60.63,3,Simultaneous
1279,65.59,2,Simultaneous
1279,66.81,3,Simultaneous
1279,1.52,3,Conflict
1279,45.31,2,Conflict
1279,89.53,4,Conflict
1279,89.86,3,Conflict
1280,0.0,4,Simultaneous
1280,31.28,2,Simultaneous
1280,60.91,2,Simultaneous
1280,97.59,2,Simultaneous
1280,5.59,3,Conflict
1280,6.71,2,Conflict
1280,7.34,3,Conflict
1280,29.76,2,Conflict
1280,88.52,3,Conflict
1281,0.0,4,Simultaneous
1281,26.35,2,Simultaneous
1281,42.19,2,Simultaneous
1281,53.27,3,Simultaneous
1281,22.66,2,Conflict
1281,53.5,3,Conflict
1281,97.01,4,Conflict
1282,0.0,4,Simultaneous
1282,51.08,3,Simultaneous
1282,56.83,2,Simultaneous
1282,97.71,3,Simultaneous
1282,20.98,2,Conflict
1282,31.52,2,Conflict
1282,41.14,3,Conflict
1283,0.0,4,Simultaneous
1283,27.42,3,Simultaneous
1283,33.85,2,Simultaneous
1283,49.69,3,Simultaneous
1283,15.03,2,Conflict
1283,96.37,2,Conflict
1284,0.0,4,Simultaneous
1284,37.38,3,Simultaneous
1284,67.56,4,Simultaneous
1284,86.08,2,Simultaneous
1285,0.0,4,Simultaneous
1285,40.75,4,Simultaneous
1285,53.01,3,Simultaneous
1285,70.52,2,Simultaneous
1285,22.51,2,Conflict
1285,32.87,2,Conflict
1285,71.6,4,Conflict
1286,0.0,4,Simultaneous
1286,52.58,3,Simultaneous
1286,64.82,4,Simultaneous
1286,79.48,3,Simultaneous
1286,23.06,2,Conflict
1286,55.62,3,Conflict
1287,0.0,4,Simultaneous
1287,13.95,2,Simultaneous
1287,25.24,3,Simultaneous
1287,38.02,2,Simultaneous
1287,2.75,2,Conflict
1287,69.4,2,Conflict
1288,0.0,4,Simultaneous
1288,67.03,2,Simultaneous
1288,87.47,2,Simultaneous
1288,95.26,3,Simultaneous
1288,40.73,2,Conflict
1289,0.0,4,Simultaneous
1289,8.55,3,Simultaneous
1289,35.21,3,Simultaneous
1289,74.52,4,Simultaneous
1289,54.23,2,Conflict
1289,83.9,2,Conflict
1290,0.0,4,Simultaneous
1290,16.02,2,Simultaneous
1290,44.88,2,Simultaneous
1290,99.12,3,Simultaneous
1290,35.38,2,Conflict
1290,39.82,4,Conflict
1290,67.27,2,Conflict
1291,0.0,4,Simultaneous
1291,57.29,3,Simultaneous
1291,66.85,2,Simultaneous
1291,87.25,3,Simultaneous
1291,13.27,3,Conflict
1292,0.0,4,Simultaneous
1292,13.61,2,Simultaneous
1292,31.88,4,Simultaneous
1292,80.02,2,Simultaneous
1292,10.99,2,Conflict
1292,69.32,4,Conflict
1292,81.03,2,Conflict
1293,0.0,4,Simultaneous
1293,25.1,2,Simultaneous
1293,64.54,2,Simultaneous
1293,90.58,3,Simultaneous
1293,25.07,2,Conflict
1294,0.0,4,Simultaneous
1294,3.66,2,Simultaneous
1294,8.63,3,Simultaneous
1294,42.19,2,Simultaneous
1294,35.32,3,Conflict
1294,39.62,2,Conflict
1294,43.67,2,Conflict
1294,51.64,3,Conflict
1294,86.89,3,Conflict
